Term	DocumentFrequency	TermFrequency	Offset
0	42	1561	0
00	6	11	6580
000	17	92	6672
000038	1	1	7176
0000782	1	9	7188
0001	3	31	7232
0002	1	1	7380
0004	1	1	7392
001	16	151	7404
002	4	11	8136
0026	1	1	8212
003	4	11	8224
004	5	6	8300
005	5	12	8364
006	2	5	8452
007	4	6	8488
008	2	3	8544
0087	1	1	8572
009	3	11	8584
01	15	88	8652
012	1	1	9124
013	1	1	9136
014	1	1	9148
015	2	5	9160
016	1	1	9196
017	1	2	9208
018	1	1	9224
019	2	2	9236
02	11	68	9260
020	1	4	9620
0201	1	1	9644
021	1	1	9656
024	1	1	9668
027	1	1	9680
03	13	65	9692
032	1	1	10056
034	1	1	10068
037	1	1	10080
038	1	1	10092
039	1	1	10104
04	10	66	10116
043	3	3	10460
044	1	1	10496
045	2	2	10508
046	1	1	10532
047	1	1	10544
048	2	2	10556
049	1	2	10580
05	17	114	10596
052	2	2	11188
054	1	1	11212
055	1	2	11224
058	1	1	11240
059	1	1	11252
06	14	38	11264
060	1	1	11528
063	2	3	11540
064	1	1	11568
067	1	1	11580
07	5	33	11592
070	1	1	11764
072	1	1	11776
073	2	2	11788
074	1	1	11812
076	1	1	11824
079	1	2	11836
08	11	51	11852
080	1	1	12144
082	1	2	12156
083	1	1	12172
085	1	2	12184
087	2	2	12200
088	1	1	12224
089	1	1	12236
09	7	38	12248
090	2	2	12456
092	1	1	12480
094	1	1	12492
098	1	2	12504
099	1	1	12520
0se	1	1	12532
1	53	1846	12544
10	49	416	20352
100	36	180	22408
1000	10	14	23416
101	9	9	23552
1010	1	1	23660
102	4	4	23672
103	2	2	23720
1038	1	1	23744
104	8	9	23756
1045	1	1	23856
105	4	5	23868
1050	1	1	23920
106	8	21	23932
1061	1	1	24080
107	7	8	24092
10700	1	1	24180
108	5	8	24192
109	6	10	24264
10th	1	1	24352
11	40	221	24364
110	9	25	25568
1102	1	1	25740
1103delgt	1	1	25752
111	6	7	25764
1111	1	1	25840
1111g	1	1	25852
1114	1	1	25864
1116	1	1	25876
112	7	22	25888
1124	1	1	26032
1129	1	1	26044
113	6	7	26056
1130	1	1	26132
114	3	3	26144
1148	1	1	26180
115	9	16	26192
116	4	5	26328
1162	1	1	26380
117	7	24	26392
118	8	8	26544
119	6	7	26640
12	44	272	26716
120	13	32	28156
1200	2	7	28388
121	4	5	28432
1210	1	1	28484
122	3	3	28496
123	6	13	28532
124	9	11	28632
125	8	11	28748
1251	1	1	28856
1251delt	1	1	28868
126	7	14	28880
127	3	3	28992
128	5	10	29028
1284dela	1	1	29108
128xpio	1	1	29120
129	5	17	29132
12th	1	1	29240
13	40	193	29252
130	6	41	30344
1300	2	2	30556
1309	1	1	30580
130mmhg	1	1	30592
131	5	9	30604
132	4	4	30680
133	4	7	30728
134	7	10	30788
135	6	12	30884
136	3	5	30980
137	5	11	31024
1370c	1	1	31108
1371	1	9	31120
138	8	9	31164
139	5	8	31264
13th	1	1	31336
14	41	173	31348
140	9	68	32368
1400	1	1	32712
14000	1	1	32724
1406	1	1	32736
141	3	4	32748
1411	1	1	32788
1411g	1	1	32800
142	2	3	32812
1420	1	1	32840
143	4	4	32852
1434	1	1	32900
144	7	27	32912
1447	1	1	33076
145	5	9	33088
1453	1	1	33164
1455	1	1	33176
146	3	7	33188
147	5	7	33240
1471	1	1	33308
148	3	3	33320
1485	1	1	33356
149	5	6	33368
15	42	239	33432
150	12	40	34724
1500	2	3	34980
1502	1	1	35008
151	3	6	35020
152	4	8	35068
1525	1	1	35132
153	6	9	35144
154	5	7	35228
155	6	7	35296
156	5	8	35372
1562	1	1	35444
157	5	9	35456
1578	1	1	35532
158	4	4	35544
159	3	3	35592
15a	1	2	35628
16	33	170	35644
160	7	8	36588
1600	1	1	36676
161	8	13	36688
162	6	14	36804
1624c	1	1	36908
163	2	2	36920
1634	1	1	36944
164	4	6	36956
165	5	6	37012
1655	1	1	37076
166	2	3	37088
167	3	3	37116
168	4	5	37152
169	3	3	37204
17	32	140	37240
170	4	8	38056
1701	1	1	38120
1704	1	1	38132
171	7	8	38144
1715	1	1	38232
172	6	6	38244
173	5	7	38316
174	3	3	38384
175	2	2	38420
175100	1	1	38444
176	7	8	38456
177	5	7	38544
178	2	2	38612
179	4	7	38636
1796	1	1	38696
18	37	157	38708
180	7	32	39632
1800	1	1	39816
181	6	6	39828
182	4	6	39900
183	3	3	39956
184	5	7	39992
185	3	4	40060
186	4	4	40100
187	3	4	40148
188	3	8	40188
189	5	6	40244
189478	1	1	40308
1899	1	4	40320
19	33	118	40344
190	4	4	41080
1904	1	1	41128
1909	1	1	41140
191	4	7	41152
1910	1	1	41212
192	3	3	41224
1920	1	1	41260
1923	1	1	41272
1926	1	1	41284
193	4	6	41296
1936	1	1	41352
194	4	4	41364
195	4	5	41412
1955	1	1	41464
1958	1	1	41476
1959g	1	1	41488
196	2	3	41500
1962	1	1	41528
1967	1	1	41540
1968	1	1	41552
1969	1	1	41564
197	2	2	41576
1970	1	1	41600
1974	1	1	41612
1975	1	1	41624
1976	1	1	41636
1977	1	1	41648
1979	2	3	41660
198	4	5	41688
1980	6	6	41740
1981	1	4	41812
1982	1	1	41836
1983	3	4	41848
1984	1	2	41888
1985	3	3	41904
1986	3	8	41940
1988	4	9	41996
1989	4	7	42064
199	4	7	42124
1990	10	25	42184
199000	1	2	42364
1991	5	7	42380
1992	4	6	42448
1993	6	15	42504
1994	6	12	42612
1995	5	14	42708
1996	7	39	42804
1997	9	18	43016
1998	8	22	43160
1999	11	38	43312
1a	4	7	43552
1b	4	5	43612
1c	3	7	43664
1e	1	1	43716
1g	1	5	43728
1st	2	5	43756
2	52	1443	43792
20	40	203	49980
200	16	32	51112
2000	11	42	51368
2001	10	23	51624
2002	10	29	51796
2003	10	40	51992
2004	12	76	52232
2005	11	55	52632
2006	8	58	52940
2007	5	31	53236
2008	4	10	53400
2009	6	13	53472
201	4	6	53572
2010	6	17	53628
2011	6	8	53744
2012	3	9	53824
2013	1	7	53884
2015	1	1	53920
202	4	7	53932
2024delc	1	1	53992
203	5	9	54004
2031	1	3	54080
2034	1	1	54100
2034delcagt	1	2	54112
204	3	5	54128
205	3	3	54172
206	4	5	54208
207	2	3	54260
208	4	4	54288
209	2	2	54336
2094	1	1	54360
20th	1	2	54372
21	30	97	54388
210	6	6	55016
211	6	6	55088
212	3	4	55160
213	3	3	55200
2133	1	1	55236
214	4	6	55248
215	4	6	55304
216	3	3	55360
217	2	3	55396
218	3	3	55424
219	3	10	55460
21st	1	2	55524
22	34	115	55540
220	3	7	56272
220g	1	2	56324
221	6	6	56340
2218	1	1	56412
222	3	3	56424
223	5	5	56460
224	4	7	56520
225	4	4	56580
226	4	5	56628
2267	1	1	56680
227	3	3	56692
228	4	5	56728
229	5	6	56780
23	29	92	56844
230	4	4	57444
230t	1	1	57492
231	4	4	57504
232	2	2	57552
233	4	5	57576
234	3	3	57628
235	5	7	57664
236	2	3	57732
237	2	2	57760
2370175	1	1	57784
2377	1	1	57796
238	3	3	57808
2386	1	1	57844
239	3	3	57856
2390delg	1	1	57892
24	38	218	57904
240	5	7	59080
2400	1	1	59148
241	4	5	59160
2411	1	1	59212
242	4	5	59224
243	2	2	59276
244	2	3	59300
245	2	3	59328
246	4	5	59356
247	3	3	59408
248	3	3	59444
2485	1	1	59480
2489	1	1	59492
249	1	1	59504
24h	1	1	59516
25	35	170	59528
250	7	9	60488
2500	2	2	60580
251	2	2	60604
252	4	10	60628
253	2	2	60700
254	3	5	60724
255	2	6	60768
256	5	5	60808
257	2	2	60868
258	4	14	60892
259	3	4	60980
25th	1	1	61020
26	31	123	61032
260	5	7	61772
2607	1	1	61840
261	3	8	61852
262	3	5	61908
2626c	1	1	61952
263	4	4	61964
264	3	4	62012
265	4	4	62052
266	2	3	62100
267	3	3	62128
268	5	5	62164
269	3	4	62224
27	33	97	62264
270	3	4	62916
271	5	6	62956
272	2	2	63020
273	4	4	63044
274	3	3	63092
275	5	6	63128
276	5	5	63192
2769	1	1	63252
277	3	4	63264
278	2	2	63304
279	3	4	63328
28	29	101	63368
280	3	6	64004
2800	1	1	64052
2803delactt	1	1	64064
2805c	1	3	64076
281	3	3	64096
2817	1	1	64132
282	3	3	64144
283	1	1	64180
2831	1	1	64192
284	2	2	64204
285	2	2	64228
286	2	5	64252
287	2	2	64288
288	3	3	64312
289	4	4	64348
289inscc	1	1	64396
29	29	97	64408
290	6	8	65028
291	3	5	65108
292	4	5	65152
293	4	8	65204
294	3	4	65268
295	4	8	65308
296	3	4	65372
297	2	2	65412
2977	1	1	65436
298	2	2	65448
2980dupaagt	1	1	65472
299	2	8	65484
29934	1	1	65532
2a	6	8	65544
2b	5	6	65624
2c	2	4	65688
2d	1	1	65720
2n	1	2	65732
2nd	1	1	65748
3	52	1085	65760
30	41	224	70516
300	13	21	71740
3000	2	4	71928
301	3	3	71960
302	3	3	71996
3029	1	1	72032
303	2	3	72044
304	1	1	72072
305	4	5	72084
306	3	4	72136
307	3	3	72176
308	4	6	72212
309	1	1	72268
3098	1	1	72280
31	31	75	72292
310	4	6	72840
3100	1	1	72896
311	2	3	72908
312	4	4	72936
313	2	2	72984
314	2	2	73008
315	2	3	73032
316	3	3	73060
317	2	3	73096
318	2	2	73124
319	4	4	73148
32	29	83	73196
320	3	4	73760
321	5	6	73800
322	4	7	73864
323	2	2	73924
324	3	3	73948
325	2	4	73984
326	5	7	74016
327	2	3	74084
3273	1	1	74112
328	4	4	74124
329	5	5	74172
33	25	84	74232
330	2	2	74768
331	2	2	74792
332	3	3	74816
333	3	3	74852
33358	1	1	74888
334	3	4	74900
3342	1	1	74940
335	3	4	74952
336	3	3	74992
337	2	2	75028
338	2	2	75052
339	3	3	75076
3394	1	1	75112
34	26	86	75124
340	5	7	75676
341	2	3	75744
3413dela	1	1	75772
342	3	3	75784
343	4	5	75820
344	3	3	75872
345	2	2	75908
346	2	2	75932
347	4	4	75956
3471	1	2	76004
3474delgaga	1	2	76020
348	4	5	76036
349	3	4	76088
35	27	109	76128
350	4	5	76780
3500	1	2	76832
351	3	5	76848
3513dupt	1	1	76892
352	3	3	76904
353	3	3	76940
354	3	3	76976
355	3	5	77012
356	2	2	77056
356a	1	1	77080
357	3	4	77092
358	4	5	77132
359	2	3	77184
36	28	103	77212
360	3	3	77848
361	5	7	77884
362	2	2	77952
363	3	3	77976
364	4	4	78012
365	2	2	78060
366	2	2	78084
367	1	1	78108
3671	1	1	78120
368	2	2	78132
369	3	4	78156
3695081	1	1	78196
37	28	80	78208
370	3	3	78752
371	2	2	78788
372	4	5	78812
373	2	2	78864
374	2	2	78888
375	2	2	78912
376	2	2	78936
377	4	4	78960
378	2	2	79008
3786t	1	1	79032
379	2	3	79044
38	24	80	79072
380	3	4	79584
381	3	4	79624
382	1	1	79664
3820	1	1	79676
383	4	4	79688
384	3	4	79736
385	2	2	79776
386	2	3	79800
387	4	4	79828
388	4	7	79876
389	3	3	79936
3891	1	1	79972
39	27	73	79984
390	3	3	80492
391	2	2	80528
392	2	2	80552
3927	1	4	80576
393	2	2	80600
3931delaaaga	1	4	80624
394	3	3	80648
395	2	2	80684
396	2	4	80708
397	2	5	80740
398	1	1	80776
399	2	2	80788
3991	2	2	80812
3a	4	5	80836
3b	4	4	80888
3d	3	5	80936
3inst	1	1	80980
3p	1	1	80992
3rcny	1	1	81004
3rd	1	1	81016
4	52	769	81028
40	34	148	84520
400	9	16	85384
401	2	3	85520
402	2	2	85548
403	3	3	85572
404	2	2	85608
40450	1	1	85632
405	3	3	85644
406	2	2	85680
407	2	2	85704
408	2	2	85728
409	2	5	85752
41	22	65	85788
410	3	14	86224
411	3	4	86304
412	3	3	86344
413	2	3	86380
414	2	3	86408
415	3	18	86436
415286	1	40	86532
416	1	1	86700
417	1	1	86712
418	3	5	86724
419	2	2	86768
42	26	65	86792
420	3	6	87260
421	1	1	87308
422	2	2	87320
423	2	2	87344
424	2	2	87368
425	3	4	87392
426	3	3	87432
427	3	3	87468
428	3	3	87504
429	1	1	87540
43	26	57	87552
430	4	4	87988
431	3	3	88036
432	3	3	88072
433	3	3	88108
434	2	2	88144
435	3	3	88168
436	3	3	88204
437	3	3	88240
438	3	3	88276
439	2	2	88312
44	24	56	88336
440	5	5	88752
441	3	3	88812
442	3	3	88848
443	2	2	88884
444	2	4	88908
445	3	5	88940
446	2	2	88984
447	2	2	89008
448	2	4	89032
449	2	3	89064
45	27	81	89092
450	3	3	89632
4500	1	1	89668
451	2	2	89680
452	3	4	89704
453	2	2	89744
454	3	4	89768
4548	1	1	89808
455	1	1	89820
456	3	3	89832
457	2	4	89868
458	1	1	89900
459	3	3	89912
46	21	53	89948
460	2	3	90328
461	2	2	90356
462	1	2	90380
463	1	1	90396
464	1	1	90408
465	2	3	90420
466	3	3	90448
4666dupa	1	1	90484
467	2	2	90496
468	3	11	90520
469	2	2	90588
47	21	56	90612
470	3	3	91004
471	3	3	91040
472	2	2	91076
473	4	4	91100
474	3	3	91148
475	2	2	91184
476	2	2	91208
477	2	2	91232
478	1	1	91256
479	1	1	91268
48	22	55	91280
480	4	5	91676
4800	1	1	91728
481	2	2	91740
482	1	1	91764
483	3	3	91776
484	2	2	91812
485	1	1	91836
4859	1	1	91848
486	2	2	91860
487	1	1	91884
488	3	4	91896
489	1	1	91936
49	24	54	91948
490	2	2	92356
491	3	4	92380
492	2	2	92420
493	1	1	92444
494	2	2	92456
495	2	2	92480
496	1	1	92504
497	2	3	92516
498	2	2	92544
499	1	1	92568
4a	4	4	92580
4b	3	3	92628
4c	3	3	92664
4d	2	3	92700
4g	1	1	92728
4g5	1	1	92740
4n	1	1	92752
4sd	1	1	92764
5	52	791	92776
50	36	173	96356
500	8	21	97336
5000	1	2	97484
501	2	3	97500
502	1	1	97528
503	1	1	97540
504	1	1	97552
505	3	3	97564
506	1	4	97600
507	2	2	97624
508	1	1	97648
509	2	2	97660
509delataga	1	1	97684
51	24	71	97696
51038400	1	1	98172
511	3	3	98184
512	3	4	98220
515	2	2	98260
516	2	2	98284
517	3	3	98308
518	1	1	98344
519	2	2	98356
52	22	44	98380
520	2	2	98732
520delcctt	1	1	98756
521	1	1	98768
522	1	1	98780
523	3	3	98792
524	1	1	98828
525	1	1	98840
526	2	2	98852
527	1	1	98876
528	1	1	98888
528000	1	1	98900
53	21	29	98912
530	2	2	99196
531	1	6	99220
537	1	1	99252
539	1	1	99264
54	27	61	99276
540	1	2	99736
541	2	3	99752
544	1	1	99780
546	2	2	99792
547	1	1	99816
548	1	1	99828
55	17	53	99840
550	1	1	100188
55201	1	1	100200
553	1	12	100212
556	1	1	100268
557	1	2	100280
559	1	1	100296
56	23	40	100308
563	1	1	100652
564	1	2	100664
565	1	1	100680
56628	1	1	100692
567	3	3	100704
57	20	55	100740
571	1	1	101120
572	1	1	101132
574	1	1	101144
578	1	1	101156
58	21	43	101168
581	1	1	101508
589	1	1	101520
59	24	60	101532
590	1	1	101964
593	1	1	101976
59557	1	1	101988
597	1	1	102000
599	1	2	102012
5a	1	1	102028
5b	1	1	102040
5c	1	1	102052
5d	1	2	102064
5g	1	1	102080
5q13	1	1	102092
5q21	1	2	102104
5t	1	2	102120
5th	1	1	102136
6	51	618	102148
60	32	107	105028
600	6	6	105712
60000	1	1	105784
601	1	1	105796
604	1	1	105808
607	1	1	105820
608	1	2	105832
61	18	55	105848
610	1	1	106212
613	1	2	106224
615	1	1	106240
617	1	1	106252
62	16	40	106264
620	3	4	106552
623	1	1	106592
624	1	1	106604
625	1	3	106616
627	3	3	106636
63	20	51	106672
631	1	1	107036
632	1	2	107048
633	1	1	107064
635	2	2	107076
637c	1	2	107100
639	1	1	107116
64	20	56	107128
640	1	1	107512
642	2	2	107524
645	1	1	107548
646	1	1	107560
646c	1	4	107572
648	1	1	107596
65	21	53	107608
650	2	2	107988
651	1	1	108012
652	2	2	108024
654	1	1	108048
657	1	1	108060
658	1	1	108072
66	17	34	108084
660	1	1	108356
6600214	1	1	108368
661	1	1	108380
663	1	1	108392
664	1	1	108404
665	1	1	108416
67	16	33	108428
671	1	1	108688
672	1	2	108700
674	1	1	108716
675	1	1	108728
676	1	2	108740
677	1	1	108756
678	1	1	108768
68	21	39	108780
69	16	43	109104
690	1	1	109404
693	1	1	109416
695	1	1	109428
696	1	1	109440
697	2	2	109452
698	1	1	109476
6a	2	2	109488
6b	2	5	109512
6c	1	2	109548
6d	1	1	109564
6th	3	3	109576
7	46	525	109612
70	21	77	112080
700	3	4	112556
7000	1	1	112596
702	1	1	112608
703	1	4	112620
707	1	1	112644
71	18	41	112656
710	1	1	112964
713	1	1	112976
715	1	1	112988
7157	1	1	113000
716	1	1	113012
718	1	1	113024
72	21	43	113036
720	1	1	113376
722	1	1	113388
723	1	1	113400
726	1	1	113412
727	1	1	113424
728	1	1	113436
729	1	1	113448
73	13	40	113460
731	1	1	113724
732	1	1	113736
735	1	1	113748
738	1	1	113760
74	15	39	113772
745	1	1	114048
749	1	1	114060
74xer	1	1	114072
75	26	83	114084
750	4	4	114624
751	1	1	114672
756	1	2	114684
759	2	2	114700
76	19	32	114724
764	1	1	115004
767	1	1	115016
7689272	1	1	115028
769	3	3	115040
76g	1	1	115076
77	11	30	115088
770	1	1	115296
7700	1	1	115308
772	1	2	115320
773	1	1	115336
776	1	1	115348
778	1	1	115360
78	18	38	115372
782	1	1	115668
787	1	1	115680
787del29	1	1	115692
79	16	37	115704
790	2	3	115980
793	1	1	116008
795	1	2	116020
798	1	1	116036
7a	3	5	116048
7b	3	4	116092
7c	1	1	116132
7d	1	1	116144
7e	1	1	116156
7f	1	1	116168
7th	2	2	116180
8	50	473	116204
80	25	92	118496
800	4	5	119064
8000	1	1	119116
805	1	1	119128
806	1	1	119140
807	1	1	119152
81	18	33	119164
813	1	1	119440
818	1	1	119452
819	3	3	119464
82	14	34	119500
820	1	1	119748
822	1	1	119760
8220	1	3	119772
826	1	1	119792
827	1	2	119804
828	1	1	119820
83	12	31	119832
831	1	1	120052
834	2	2	120064
836	1	1	120088
839	1	1	120100
84	13	30	120112
840	1	1	120336
841	1	1	120348
845	1	2	120360
8453175	1	1	120376
848	1	1	120388
85	14	31	120400
850	1	2	120636
851	1	1	120652
854	1	1	120664
8561	1	1	120676
859	1	1	120688
85th	2	4	120700
86	16	35	120732
860	1	1	121000
861	1	1	121012
863	1	1	121024
866	1	1	121036
867	1	1	121048
869	1	1	121060
87	13	33	121072
875	1	1	121308
878	1	1	121320
879	1	1	121332
88	14	41	121344
880	1	2	121620
880delt	1	1	121636
883	1	1	121648
884	1	1	121660
885	1	1	121672
886	1	1	121684
89	14	37	121696
891	1	1	121956
895	1	1	121968
89a	1	1	121980
8a	2	2	121992
8b	2	3	122016
8c	2	2	122044
8d	2	2	122068
8e	2	3	122092
8f	1	1	122120
8th	2	2	122132
9	46	458	122156
90	20	65	124356
900	4	5	124776
904	2	3	124828
906	2	2	124856
907xl	1	1	124880
909	2	2	124892
90degre	1	1	124916
90th	2	4	124928
91	14	35	124960
910	1	1	125212
911	2	2	125224
912	1	1	125248
913	1	4	125260
916	2	2	125284
919	1	2	125308
92	13	27	125324
922	1	1	125536
923	1	2	125548
925	1	1	125564
926	1	2	125576
93	14	31	125592
930	2	3	125828
932	1	1	125856
935	1	1	125868
936	1	1	125880
937	1	2	125892
94	13	39	125908
944	1	2	126168
945	1	1	126184
947	1	2	126196
948	1	1	126212
95	23	145	126224
954	1	1	126988
957	1	1	127000
95th	2	2	127012
96	18	38	127036
961	1	1	127332
963	1	1	127344
965	1	1	127356
967	2	2	127368
968	1	1	127392
969	1	1	127404
97	9	14	127416
973	2	2	127544
9732	1	1	127568
977	1	1	127580
978	1	1	127592
98	15	33	127604
983	1	1	127856
985	2	2	127868
986	1	1	127892
988	1	1	127904
989	4	4	127916
98a	1	1	127964
99	11	21	127976
990	1	1	128148
991	1	2	128160
993	1	1	128176
994c	1	1	128188
997	1	1	128200
998	2	4	128212
99m	1	1	128244
9e10	1	1	128256
9th	2	3	128268
a014414	1	1	128296
a014418	1	18	128308
a1	1	4	128388
a1c	3	315	128412
a2	2	7	129696
aa	1	1	129740
aaagagucca	1	1	129752
aaagccggcu	1	1	129764
aac	1	1	129776
aacgaucccu	1	1	129788
aacucuggag	1	1	129800
aagaguucac	1	1	129812
aamc	1	2	129824
aao	1	1	129840
aauagcagau	1	1	129852
aaugaaaaga	1	1	129864
aaugacguca	1	1	129876
ab	2	13	129888
abandon	3	10	129956
abbrevi	9	9	130020
abdhalah	1	2	130128
abdomen	6	22	130144
abdomin	12	71	130280
abdomini	1	2	130660
abdominoperin	1	1	130676
abduct	1	1	130688
abdul	1	1	130700
aberr	1	4	130712
abgen	1	1	130736
abi	4	13	130748
abil	19	86	130832
ablat	2	7	131328
abnorm	25	112	131372
abolish	3	4	132020
abolit	1	1	132060
abort	2	6	132072
abound	3	3	132112
abovement	1	1	132148
abreu	1	1	132160
abroad	2	2	132172
abrupt	1	1	132196
abruptli	2	2	132208
abscess	6	136	132232
absenc	22	94	132824
absent	5	8	133376
absente	1	1	133448
absolut	9	24	133460
absorb	2	3	133628
absorpt	2	2	133656
abstin	1	1	133680
abstract	6	12	133692
abund	4	4	133788
abus	6	74	133836
ac	9	133	134180
aca	1	9	134784
academ	3	15	134828
academi	2	11	134912
acanthosi	2	8	134972
acarbos	2	2	135020
acatctccaatatacccccctctctctttc	1	1	135044
acatgtctaa	1	1	135056
acb	1	2	135068
acc	2	2	135084
acceler	2	2	135108
accentu	1	1	135132
accept	15	51	135144
acceptor	1	3	135468
access	15	103	135488
accessori	1	1	136020
accf	2	2	136032
accid	9	46	136056
accommod	3	5	136312
accompani	12	19	136356
accomplish	3	5	136528
accord	11	48	136572
account	17	39	136852
accredit	3	6	137144
accultur	1	1	137192
accumul	9	13	137204
accur	15	32	137328
accuraci	13	52	137576
accustom	2	2	137888
acei	1	2	137912
acess	1	1	137928
acet	1	1	137940
acetylcholin	1	1	137952
achiev	17	184	137964
achil	2	2	138836
acid	7	32	138860
acidosi	1	1	139044
acknowledg	2	2	139056
acl	1	1	139080
acm	1	1	139092
acosta	1	1	139104
acoust	1	1	139116
acquir	10	17	139128
acquisit	6	18	139276
acr	1	2	139396
acromegal	1	1	139412
acromegali	3	7	139424
acrylamid	1	1	139476
acsm	1	1	139488
act	10	28	139500
actcactctagtgataaatcggg	1	1	139692
acth	2	7	139704
actin	1	7	139748
action	7	40	139784
activ	28	287	140000
activist	1	6	141372
actual	3	3	141404
acuiti	2	2	141440
acuson	1	2	141464
acut	26	170	141480
acyclovir	1	1	142368
ad	10	38	142380
ada	4	77	142612
adag	2	8	142952
adam	2	4	143000
adamid	1	1	143032
adan	1	1	143044
adapt	9	32	143056
add	6	12	143256
addict	2	18	143352
addit	39	239	143440
addition	10	26	144708
address	11	102	144892
adedeji	1	1	145388
adeniji	1	1	145400
adenocarcinoma	3	14	145412
adenoma	9	129	145492
adenomat	5	15	146080
adenopathi	1	1	146180
adenosin	4	20	146192
adenovir	1	1	146304
adenylyl	1	1	146316
adequ	17	53	146328
adequaci	3	4	146676
adetona	1	1	146716
adeyemi	1	1	146728
adh	1	2	146740
adher	5	21	146756
adhes	5	5	146880
adhikari	1	2	146940
adilza	1	1	146956
adipos	1	1	146968
adjac	8	16	146980
adjud	1	3	147108
adjunct	5	5	147128
adjust	15	101	147188
adjuv	2	5	147712
adl	1	1	147748
adlina	1	1	147760
administ	18	51	147772
administr	13	44	148120
admiss	19	69	148400
admit	20	58	148828
admitt	1	1	149220
admittedli	2	2	149232
adnan	1	1	149256
adnex	2	7	149268
adob	1	1	149312
adolesc	4	71	149324
adopt	8	34	149640
adren	3	23	149840
adrenalectomi	1	1	149956
adrenalin	1	1	149968
adrenerg	2	5	149980
adrenoceptor	1	1	150016
adrenocorticotroph	1	1	150028
adrenoreceptor	1	1	150040
adrian	1	1	150052
adriana	1	1	150064
adult	15	280	150076
adulthood	3	6	151316
advanc	22	98	151364
advantag	15	41	151932
advent	4	5	152216
advers	19	67	152268
advia	1	1	152688
advic	3	3	152700
advis	5	27	152736
advisor	1	3	152884
advisori	3	5	152904
advoc	7	12	152948
advocaci	1	8	153052
ae	2	5	153092
aegi	1	1	153128
aerob	4	12	153140
aerobactin	1	3	153220
aerodigest	1	1	153240
af	2	2	153252
afap	1	24	153276
afasanwo	1	1	153380
affair	3	5	153392
affect	25	106	153436
affili	1	4	154060
affin	2	2	154084
affirm	2	3	154108
afflict	1	1	154136
afford	2	6	154148
afghan	1	1	154188
afi	1	3	154200
afmn	1	4	154220
afr	1	4	154244
afraid	1	3	154268
africa	2	15	154288
african	8	74	154364
aftercar	1	3	154724
afternoon	2	3	154744
afya	1	3	154772
ag	35	497	154792
aga	2	6	157060
agacatgccta3	1	1	157100
agah	1	1	157112
agar	1	1	157124
agarw	1	3	157136
agatston	1	1	157156
agcagataagacagtattactagtt	1	1	157168
agcttggaca	1	1	157180
agenc	3	20	157192
agenda	1	5	157296
agent	16	99	157324
aggrav	7	11	157848
aggraw	1	1	157948
aggreg	2	11	157960
aggregometri	1	1	158020
aggrenometri	1	1	158032
aggress	11	34	158044
agit	2	3	158268
agmh	1	1	158296
ago	9	10	158308
agon	1	1	158420
agonist	7	20	158432
agra	1	1	158568
agre	8	15	158580
agreement	2	2	158704
agricultur	3	3	158728
ah	1	1	158764
aha	6	15	158776
ahead	2	6	158884
ahm	1	1	158924
ahmadi	1	1	158936
ahmet	1	1	158948
ahrq	1	1	158960
aid	6	34	158972
aim	17	55	159156
aimon	1	1	159512
air	9	13	159524
airborn	1	1	159648
airwai	4	15	159660
aisl	1	1	159752
aitiani	1	1	159764
aitt	1	26	159776
aj	1	1	159888
ajemian	1	1	159900
ajou	1	1	159912
ak	1	1	159924
akam	1	1	159936
akechi	1	1	159948
akhtar	2	2	159960
akinesi	2	2	159984
akpeh	1	1	160008
akshat	1	1	160020
akwasi	1	1	160032
al	34	318	160044
alabama	1	2	161588
alam	1	3	161604
alan	1	1	161624
alanin	2	2	161636
alao	1	1	161660
alarm	3	3	161672
albeit	7	7	161708
albertsson	1	2	161792
albumin	3	47	161808
albuminuria	2	35	162020
alcohol	10	46	162176
aldosteron	2	2	162440
alert	8	8	162464
alessandro	1	1	162560
alessia	1	1	162572
alex	1	3	162584
alexand	2	2	162604
alexandra	1	1	162628
alford	1	2	162640
alfr	1	1	162656
algorithm	8	31	162668
ali	3	5	162856
alicia	1	1	162900
alien	1	1	162912
align	4	47	162924
alimentari	1	1	163144
aliquot	2	3	163156
aliv	5	5	163184
alkadhi	1	1	163244
alkalin	2	2	163256
alkmim	1	1	163280
all	1	3	163292
allacci	1	1	163312
allantoin	1	2	163324
allcaus	1	1	163340
allei	1	1	163352
allel	2	5	163364
allerg	1	8	163400
allergen	2	2	163440
allergi	3	7	163464
allevi	4	4	163516
alli	1	4	163564
allianc	3	5	163588
allo	1	1	163632
alloc	4	8	163644
allogen	1	5	163708
allograft	1	3	163736
allow	12	18	163756
almdal	1	1	163924
alonso	1	1	163936
aloud	1	1	163948
alp	1	1	163960
alpha	3	3	163972
alter	20	75	164008
altern	23	48	164468
alternaria	1	1	164844
alto	1	1	164856
altogeth	1	1	164868
alvelai	1	2	164880
alzheim	3	3	164896
amb	1	20	164932
ambient	1	6	165020
ambigu	1	1	165052
ambion	1	1	165064
ambul	6	7	165076
ambulatori	4	5	165152
amc	1	1	165204
amd	1	1	165216
amd3100	1	7	165228
ameb	1	1	165264
amelior	2	2	165276
amen	5	9	165300
amenorrh	1	2	165376
amenorrhea	2	6	165392
amenorrhoea	1	1	165432
america	4	10	165444
american	15	113	165516
amersham	3	4	166088
ami	3	17	166128
amigo	1	1	166220
amikacin	1	1	166232
amino	2	11	166244
aminobutyr	1	2	166304
aminoglycosid	1	5	166320
aminopyrimidin	1	1	166348
aminotransferas	2	2	166360
amira	1	2	166384
amitabh	1	1	166400
amlodipin	2	4	166412
ammerman	1	1	166444
amnesia	2	13	166456
amnest	1	1	166524
amoebias	1	1	166536
amonthli	1	1	166548
amount	16	42	166560
ampc	1	1	166856
amphetamin	1	1	166868
amphotericin	1	4	166880
ampicillin	1	2	166904
amplif	4	6	166920
amplifi	5	8	166976
amplitud	3	3	167048
ampulla	1	1	167084
amput	3	13	167096
amsterdam	1	3	167172
amylas	1	1	167192
anaemia	1	1	167204
anaerob	2	5	167216
anaesthesia	2	2	167252
anaesthesiolog	1	1	167276
anaesthesiologist	1	1	167288
anaesthet	2	3	167300
anal	2	10	167328
analges	1	2	167384
analgesia	3	4	167400
analog	6	13	167440
analys	23	118	167540
analysi	32	279	168196
analyst	1	1	169568
analyt	6	10	169580
analyz	18	81	169668
anaphas	1	33	170136
anaprasanna	1	1	170276
anarthria	1	1	170288
anastomosi	1	1	170300
anatom	7	20	170312
anatomi	5	5	170448
ancestr	2	7	170508
anchor	1	1	170552
ancient	1	3	170564
ancillari	2	2	170584
andrea	3	9	170608
andreja	1	1	170668
andrew	2	2	170680
anecdot	2	2	170704
anemia	4	11	170728
anemon	1	9	170804
anesthesia	2	2	170848
anesthesiolog	1	1	170872
anesthet	2	5	170884
aneuploid	1	4	170920
aneuploidi	1	2	170944
aneurysm	3	4	170960
angel	2	2	171000
angela	1	1	171024
angelo	1	1	171036
anger	1	1	171048
angi	1	1	171060
angin	3	7	171072
angina	4	25	171124
angiocathet	1	1	171256
angiogen	1	1	171268
angiogenesi	2	2	171280
angiogram	3	5	171304
angiograph	4	10	171348
angiographi	12	83	171420
angioplast	1	3	171848
angioplasti	2	3	171868
angiotensin	4	11	171896
angl	5	11	171972
angri	1	1	172056
angu	1	1	172068
angul	1	1	172080
anhedonia	1	1	172092
anhydroglucitol	2	2	172104
anim	7	29	172128
anisocoria	1	2	172300
ankl	5	16	172316
anm	1	1	172420
ann	3	8	172432
anna	1	1	172488
annal	2	2	172500
anneal	2	3	172524
annex	1	3	172552
annexin	1	1	172572
annot	1	1	172584
announc	2	2	172596
annual	9	61	172620
annul	1	1	172936
annular	2	3	172948
annuloplasti	1	2	172976
annulu	1	1	172992
anomali	2	2	173004
anonym	3	7	173028
anorect	1	1	173080
anorexia	2	3	173092
anosmia	1	1	173120
anova	4	5	173132
anox	2	4	173184
anoxia	1	1	173216
answer	7	18	173228
ant	3	4	173356
antacid	1	1	173396
antagon	1	2	173408
antagonist	5	7	173424
anteced	1	1	173492
antecubit	3	3	173504
anted	2	2	173540
antenat	2	2	173564
antenna	1	1	173588
anterior	13	42	173600
anteriorli	1	1	173872
anterolater	1	2	173884
anthoni	1	1	173900
anthozoa	1	3	173912
anthozoan	1	1	173932
anthrax	1	1	173944
anthropogen	1	1	173956
anthropometr	1	2	173968
anti	13	35	173984
antibiot	7	33	174228
antibodi	11	99	174416
anticholinerg	1	16	174900
anticholinergica	1	1	174972
anticip	5	10	174984
anticoagul	7	22	175064
anticonvuls	1	1	175208
antidepress	1	1	175220
antidiabet	2	4	175232
antidiuret	2	4	175264
antiendomysi	1	2	175296
antifung	1	6	175312
antigen	5	35	175344
antihistamin	3	3	175524
antihyperglycem	2	4	175560
antihypertens	3	17	175592
antimicrobi	1	1	175684
antimous	1	1	175696
antineoplast	1	1	175708
antioxid	4	4	175720
antiplatelet	3	8	175768
antipsychot	3	7	175824
antiretrovir	1	2	175876
antisens	1	2	175892
antiserum	1	4	175908
antismok	1	1	175932
antistigma	1	1	175944
antithrombin	1	3	175956
antithrombot	4	7	175976
antitubercul	2	6	176036
antoin	1	1	176076
antoni	1	1	176088
antonino	1	1	176100
antonio	1	2	176112
antrostomi	1	1	176128
anu	1	1	176140
anxieti	4	27	176152
anxiou	1	1	176292
aor	1	30	176304
aorta	2	3	176432
aortic	3	4	176460
ap	3	4	176500
apart	1	1	176540
apc	4	102	176552
apertur	1	1	176992
apex	2	2	177004
apgar	1	1	177028
aphasia	3	4	177040
apheresi	1	3	177080
aphrc	1	2	177100
apic	4	32	177116
apin	1	1	177276
apnea	2	12	177288
apob	3	3	177352
apolipoprotein	2	2	177388
apoptosi	5	24	177412
apoptot	1	11	177548
apoyo	1	1	177600
app	1	3	177612
appar	8	14	177632
apparatu	1	2	177752
apparit	1	5	177768
appeal	2	3	177796
appear	23	71	177824
append	1	21	178292
appendag	1	1	178384
appendectomi	1	1	178396
appl	2	2	178408
appli	17	40	178432
applic	13	53	178728
appoint	4	9	179044
apprais	1	1	179112
appreci	8	9	179124
apprehend	1	2	179224
approach	31	169	179240
appropri	5	11	180164
approv	23	40	180248
approxim	27	54	180592
april	5	11	181024
aprn	1	1	181108
aptt	2	14	181120
aquat	1	1	181192
ar	1	21	181204
arafah	1	1	181296
arb	3	45	181308
arbitrari	2	2	181512
arc	1	1	181536
arcangelo	1	1	181548
archaic	1	1	181560
archiv	4	5	181572
arci	1	1	181624
arcuat	1	1	181636
arcview	1	1	181648
ard	1	7	181660
area	24	175	181696
arena	2	2	182588
arenaria	1	3	182612
arg213x	1	2	182632
arg216x	1	4	182648
arg332x	1	1	182672
arg653arg	1	1	182684
arg876x	1	1	182696
arginin	2	6	182708
argon	2	5	182748
argu	3	4	182784
arguabl	1	1	182824
argument	2	2	182836
aria	1	2	182860
arijit	1	1	182876
aripiprazol	1	3	182888
aris	8	16	182908
arisen	2	2	183036
aristomeni	1	1	183060
arlen	1	1	183072
arm	9	110	183084
arno	1	1	183596
aromat	2	2	183608
aronson	1	1	183632
arora	1	1	183644
arous	2	5	183656
arpita	1	1	183692
arrai	8	12	183704
arrang	7	8	183816
arrest	5	10	183904
arrhythmia	3	7	183984
arrhythmogenicitii	1	1	184036
arrhytmia	1	1	184048
arriv	9	26	184060
arrow	5	19	184236
arrowhead	1	3	184352
arsen	1	2	184372
art	2	22	184388
artefact	1	5	184492
artemia	1	1	184520
arteri	20	223	184532
arteriolar	1	1	185584
arteriopathi	1	1	185596
arteriosu	1	1	185608
arterioven	1	2	185620
arthi	1	1	185636
arthralgia	1	1	185648
arthriti	3	6	185660
arthroplast	1	13	185708
arthroplasti	1	10	185768
arthur	1	1	185816
articl	22	35	185828
articul	3	4	186144
articular	1	1	186184
artifact	5	27	186196
artifactu	1	1	186344
artifici	6	13	186356
artist	1	6	186456
arumilli	1	1	186488
arvan	1	1	186500
arylindol	1	1	186512
asa	3	6	186524
ascend	3	4	186572
ascertain	3	6	186612
asdelhi	1	1	186660
asfia	1	1	186672
ash	1	1	186684
asham	1	2	186696
ashequr	1	1	186712
ashlei	1	1	186724
ashok	1	1	186736
asia	3	8	186748
asian	5	16	186804
ask	8	22	186908
asleep	1	1	187060
asp	2	2	187072
asp1138valfsx27	1	2	187096
aspart	4	4	187112
aspect	17	47	187160
asphyxia	1	1	187484
aspir	3	72	187496
aspirin	7	67	187808
aspx	1	2	188132
ass	2	2	188148
assai	12	109	188172
assault	3	12	188704
assembl	6	16	188776
assert	1	1	188888
assess	28	359	188900
asset	1	4	190560
assign	10	15	190584
assimil	2	3	190724
assist	12	66	190752
associ	21	134	191112
assum	13	19	191816
assumpt	2	2	191996
assun	1	1	192020
assur	6	15	192032
aster	1	2	192140
asterisk	2	5	192156
asthma	3	39	192192
asthmat	1	1	192372
astound	1	1	192384
astral	1	5	192396
astrocyt	1	2	192424
astut	1	1	192440
asylum	1	1	192452
asymmetr	1	2	192464
asymmetri	1	1	192480
asymptomat	7	57	192492
asynchron	2	2	192776
ataxia	1	1	192800
atcagagtatcagaatttct	1	1	192812
atg	1	1	192824
atgccaagcag	1	1	192836
atherosclerosi	3	10	192848
atherosclerot	4	11	192912
athlet	3	3	192988
atl5000	1	1	193024
atla	1	1	193036
atlant	1	1	193048
atlanta	1	5	193060
atm	1	1	193088
atmp	1	22	193100
atneonat	1	1	193196
atom	1	1	193208
atopi	1	2	193220
atorvastatin	1	2	193236
atp	1	7	193252
atr	2	17	193288
atraumat	2	2	193372
atrial	5	19	193396
atrioventricular	1	1	193512
atrium	3	14	193524
atrophi	3	6	193604
atropin	1	1	193652
att	2	4	193664
attach	5	14	193696
attack	7	21	193792
attain	3	17	193932
attempt	16	51	194024
attend	4	28	194356
attende	1	1	194500
attent	13	46	194512
attentu	1	1	194800
attenu	7	40	194812
attest	1	1	195028
attila	1	1	195040
attitud	3	25	195052
attract	2	2	195176
attribut	7	21	195200
attun	1	1	195340
atyp	10	17	195352
auc	1	43	195500
audibl	1	1	195680
audil	1	1	195692
audio	2	2	195704
auditori	2	17	195728
aug	1	1	195812
auggauuauu	1	1	195824
augment	4	5	195836
august	4	8	195888
augustyn	1	1	195952
aurora	1	10	195964
ausculat	1	1	196012
auscult	1	1	196024
aust	1	1	196036
austad	1	1	196048
australia	1	1	196060
australian	1	1	196072
author	30	92	196084
auto	1	1	196692
autoantibodi	3	9	196704
autoantigen	2	2	196764
autoimmun	4	23	196788
autolog	2	10	196912
autom	6	10	196968
automat	3	3	197056
automobil	1	1	197092
autonom	6	55	197104
autonomi	1	2	197372
autopsi	2	4	197388
autosom	4	6	197420
auu	1	1	197476
auxolog	1	36	197488
av	3	4	197640
avail	10	36	197680
avenu	1	1	197904
averag	13	57	197916
avers	1	1	198248
avert	2	2	198260
avian	1	1	198284
avila	1	1	198296
aviv	1	1	198308
avoid	15	54	198320
aw	1	1	198656
await	2	2	198668
awak	2	4	198692
awaken	2	3	198724
awar	13	65	198752
award	1	1	199116
awoken	1	1	199128
awri	1	1	199140
ax	1	3	199152
axi	12	22	199172
axial	4	7	199356
axin	1	1	199416
axiocam	1	1	199428
axioscope2	1	1	199440
axiovert	1	1	199452
axon	1	1	199464
aygun	1	1	199476
az	1	1	199488
aza	1	2	199500
azad	1	1	199516
azaindolylmaleimid	1	1	199528
azakenpaullon	1	13	199540
azim	1	1	199600
azithromycin	1	1	199612
aziz	1	1	199624
azodo	1	1	199636
azotaemia	1	1	199648
azuma	1	1	199660
b12	2	5	199672
b1were	1	1	199708
b30f	1	1	199720
ba	2	5	199732
babatund	1	1	199768
babei	1	1	199780
babi	4	9	199792
babinski	1	1	199860
babu	1	1	199872
bachar	1	1	199884
bacilli	1	2	199896
bacillu	1	1	199912
back	6	17	199924
background	24	69	200040
bacteraemia	1	1	200508
bacterem	2	2	200520
bacteremia	3	4	200544
bacteri	4	18	200584
bacteria	3	10	200688
bactericid	1	1	200752
bacteriuria	1	1	200764
bad	5	19	200776
badli	2	6	200892
baep	1	2	200932
bailei	1	2	200948
baker	2	8	200964
bakker	1	2	201012
bakri	1	1	201028
balanc	8	36	201040
balasubramaniam	1	1	201248
bald	1	1	201260
baldini	1	1	201272
bale	1	1	201284
ball	2	3	201296
ballon	1	1	201324
balloon	3	16	201336
balochi	1	1	201424
balthazar	1	1	201436
baltimor	1	33	201448
bamberg	3	5	201588
band	5	14	201632
bandeira	1	1	201728
banerje	1	1	201740
bangalor	1	2	201752
bangladesh	1	13	201768
bank	1	1	201828
baquet	1	2	201840
bar	6	25	201856
barbitur	1	1	202004
barefoot	1	2	202016
bariatr	2	22	202032
barnet	1	1	202136
barnett	1	1	202148
barquist	1	1	202160
barr	1	1	202172
barri	1	1	202184
barrier	5	51	202196
barth	1	1	202440
bartko	1	1	202452
barton	1	1	202464
basal	9	28	202476
base	42	427	202660
baselin	11	75	204704
basement	2	2	205092
basi	14	34	205116
basic	8	26	205364
basil	1	1	205532
basophil	1	1	205544
bass	1	1	205556
bath	1	1	205568
batra	1	1	205580
batt	1	1	205592
batter	1	1	205604
batteri	1	1	205616
baubi	1	2	205628
baumann	1	1	205644
bayer	1	1	205656
bazant	1	1	205668
bazzel	1	1	205680
bc	1	1	205692
bcg	1	2	205704
bci	1	1	205720
bcip	1	1	205732
bcvi	1	1	205744
bdh	1	1	205756
bdt	1	4	205768
be	3	5	205792
beam	3	17	205836
beamer	1	1	205928
bear	4	8	205940
beard	1	3	206004
beat	6	12	206024
beatriz	1	1	206120
beauti	1	1	206132
becker	1	2	206144
becki	1	1	206160
becton	1	1	206172
bed	7	21	206184
bedridden	1	2	206324
bedsid	7	15	206340
bedtim	3	10	206456
began	5	7	206520
begin	16	49	206588
begun	5	5	206912
behavior	9	139	206972
behaviour	7	69	207600
behr	1	1	207932
beirut	1	4	207944
bekel	1	1	207968
bekelman	1	1	207980
belgium	1	1	207992
belief	2	8	208004
believ	9	11	208052
bell	1	2	208168
belo	1	3	208184
belong	4	7	208204
bemoan	1	1	208264
benazapril	1	2	208276
benazepril	1	2	208292
bench	1	2	208308
bend	3	3	208324
beneath	2	3	208360
benedict	1	1	208388
benefici	8	22	208400
beneficiari	1	1	208552
benefit	18	194	208564
benfield	1	1	209484
benign	6	9	209496
benjamin	1	1	209580
benning	1	12	209592
beno	1	1	209648
benson	1	1	209660
bentham	1	1	209672
benthic	1	1	209684
benzazepinon	1	1	209696
benzo	1	1	209708
benzodiazepin	2	7	209720
ber	1	1	209764
berg	1	2	209776
bergbom	1	1	209792
berit	1	2	209804
berkelei	1	2	209820
bern	1	1	209836
bernadin	1	1	209848
bernai	1	1	209860
bernd	2	2	209872
bernes	1	1	209896
bernhardt	1	1	209908
berthold	1	1	209920
beryl	1	1	209932
beta	7	13	209944
betablock	1	1	210052
betalactam	1	2	210064
betsi	1	1	210080
betterdiabetescar	2	2	210092
beverag	3	6	210116
bewitch	1	1	210164
bh	2	3	210176
bhatt	1	1	210204
bhk	1	1	210216
bhup	1	1	210228
bi	2	2	210240
bia	7	10	210264
biallel	1	1	210360
bias	1	1	210372
bibl	1	1	210384
bicarbon	2	4	210396
bicycl	3	14	210428
bid	2	6	210508
biffl	1	2	210548
bifida	1	1	210564
bifurc	1	1	210576
big	1	1	210588
biggest	1	1	210600
biguanid	1	1	210612
bijalan	1	1	210624
bike	1	2	210636
bilater	12	28	210652
bilateria	1	1	210860
bilaterian	1	13	210872
bile	2	2	210932
bilevel	1	1	210956
biliari	3	15	210968
bilirubin	1	1	211052
bill	4	5	211064
billiari	1	2	211116
billion	1	1	211132
bimorph	1	3	211144
binari	3	7	211164
bind	8	60	211216
bing	1	2	211520
bingen	1	1	211536
binomi	1	1	211548
bio	1	2	211560
biochem	9	16	211576
biodivers	1	4	211712
biofilm	1	2	211736
bioinformat	1	1	211752
biolog	5	28	211764
biologi	7	15	211916
biom	24	24	212032
biomark	4	7	212320
biomed	2	2	212380
biomedcentr	1	1	212404
biopsi	12	43	212416
bioreactor	1	2	212684
biorient	1	11	212700
biostatist	1	4	212752
biostatistician	1	1	212776
biosynthet	1	1	212788
biosystem	2	2	212800
biotech	3	3	212824
bioterrorist	1	1	212860
biothesiomet	2	4	212872
biotinyl	2	3	212904
biparent	1	1	212932
bipolar	2	6	212944
birmingham	1	2	212984
birth	5	80	213000
birthweight	2	2	213360
bisoprolol	1	2	213384
bit	1	5	213400
bivari	2	3	213428
bizarr	1	2	213456
bj	1	1	213472
bjc	1	1	213484
bjcancer	1	1	213496
bjvr	1	1	213508
bk	1	4	213520
bk005818	1	1	213544
bl	1	4	213556
black	7	17	213580
blackwel	1	2	213704
bladder	6	11	213720
blake	1	1	213812
blanca	1	1	213824
blanei	1	1	213836
blanket	3	3	213848
blast	1	1	213884
bleed	9	35	213896
blind	8	10	214108
blink	2	3	214212
blob	1	1	214240
bloc	2	3	214252
block	12	29	214280
blockad	1	4	214492
blockag	2	3	214516
blocker	9	49	214544
blog	1	1	214812
blogospher	1	1	214824
blom	1	1	214836
blond	1	1	214848
blood	34	434	214860
bloodproduct	1	1	216868
bloodstream	1	1	216880
bloom	1	2	216892
bloomberg	1	19	216908
blot	1	6	216992
blue	6	8	217024
blueprint	1	2	217104
blunt	1	20	217120
blur	1	1	217208
blush	2	5	217220
bmc	7	7	217256
bmd	3	13	217340
bmi	4	45	217416
bnp	1	1	217628
board	8	13	217640
boat	1	2	217756
boateng	1	1	217772
bodega	1	5	217784
bodi	19	80	217812
bodili	1	1	218284
bogardu	1	1	218296
boi	3	15	218308
bokhour	1	1	218392
bold	1	2	218404
boldfac	1	1	218420
boli	1	1	218432
bolsa	1	2	218444
bolu	8	19	218460
bolus	1	1	218600
bomb	1	1	218612
bonast	1	1	218624
bone	10	31	218636
bongard	1	2	218840
boni	4	7	218856
bonner	1	1	218916
boockfor	1	1	218928
book	1	1	218940
boost	1	1	218952
booster	1	1	218964
booth	1	1	218976
bootstrap	1	4	218988
borat	1	1	219012
border	5	8	219024
borderlin	1	20	219096
borg	1	1	219184
born	4	36	219196
borst	1	1	219372
borycki	1	1	219384
bossart	1	1	219396
boston	1	13	219408
bothel	1	1	219468
bother	1	2	219480
bottl	1	2	219496
bottom	4	6	219512
bound	3	19	219568
boundari	2	3	219668
bowel	8	17	219696
bowi	1	2	219828
box	2	14	219844
boyer	1	1	219916
boyfriend	1	1	219928
bp	2	6	219940
bp3	1	4	219980
bpd	1	1	220004
bpm	5	8	220016
brabletz	1	6	220088
bracaglia	1	1	220120
brace	1	20	220132
brachial	3	4	220220
brackbil	1	1	220260
bradi	1	2	220272
bradykinesia	1	1	220288
bradykinin	1	1	220300
brain	15	126	220312
brainstem	2	4	220936
brainstorm	1	1	220968
brambl	1	1	220980
brancati	1	1	220992
branch	7	9	221004
branchburg	1	1	221096
brand	1	6	221108
brandei	1	1	221140
brandon	1	1	221152
brandoyn	1	1	221164
brazil	1	9	221176
brc	1	1	221220
breadth	1	1	221232
break	2	2	221244
breakdown	4	8	221268
breakpoint	1	2	221332
breast	7	70	221348
breastfeed	1	25	221684
breath	8	11	221792
brendan	1	1	221900
brent	1	1	221912
brewer	1	2	221924
bridg	3	8	221940
briefli	7	8	221996
bright	1	1	222084
brigitt	1	1	222096
brineshrimpdirect	1	1	222108
bring	1	9	222120
british	3	4	222164
broad	9	21	222204
broaden	2	2	222360
broader	6	11	222384
broadli	2	3	222476
broccoli	1	1	222504
brochur	2	2	222516
broken	5	7	222540
brolin	1	1	222608
bromid	2	2	222620
bromocriptin	2	14	222644
bronchial	1	7	222716
bronchiectasi	1	2	222752
bronchiti	3	9	222768
bronchoscopi	1	2	222828
bronchospasm	2	2	222844
brook	1	1	222868
brookdal	1	1	222880
brophi	1	1	222892
brothel	1	1	222904
brother	6	12	222916
brotizolam	1	1	223012
brought	4	6	223024
brouwer	1	2	223080
browaei	1	1	223096
brown	3	6	223108
bruce	1	2	223156
brucellosi	1	1	223172
brudinzki	1	1	223184
brudzinski	1	1	223196
bruit	1	2	223208
brunt	1	1	223224
brussel	1	1	223236
bs	1	5	223248
bsa	1	1	223276
bsc	1	1	223288
bscn	1	1	223300
bsph	1	1	223312
bssd	1	1	223324
bu	1	1	223336
bub1	1	29	223348
bub3	1	1	223472
bubbl	3	3	223484
bubr1	1	35	223520
buchi	1	1	223668
buchler	1	1	223680
buckinghamshir	1	1	223692
bud	2	2	223704
budoff	1	1	223728
buess	1	1	223740
buffalo	1	1	223752
buffer	4	9	223764
bui	1	2	223832
build	2	34	223848
built	1	6	224000
builtwith	1	1	224032
buki	1	1	224044
bulbul	1	1	224056
bulk	2	2	224068
bulla	1	2	224092
bullard	1	1	224108
bullet	2	2	224120
bulletin	1	1	224144
bullosa	1	1	224156
bum	1	1	224168
bundl	2	2	224180
bunion	2	2	224204
burden	10	29	224228
burdensom	2	2	224424
bureaucrat	1	1	224448
burgeon	2	2	224460
burgess	1	1	224484
burgo	1	1	224496
burk	1	3	224508
burn	2	3	224528
burst	1	2	224556
busi	1	8	224572
busto	1	1	224612
butler	1	1	224624
butz	1	1	224636
bw	1	1	224648
bypass	8	24	224660
byrn	1	1	224820
byumba	1	1	224832
byun	1	1	224844
c0	1	3	224856
c1	1	1	224876
c3	1	1	224888
ca	4	19	224900
cabergolin	4	21	225008
cabg	1	5	225124
cac	1	30	225152
cachect	1	1	225280
cacl	1	1	225292
cad	8	187	225304
cadherin	1	15	226116
cadot	1	1	226184
caenohabd	1	1	226196
caenorhabd	1	1	226208
caffein	2	3	226220
cagt	1	1	226248
caiaffa	1	4	226260
caisi	1	8	226284
caitlin	1	1	226324
calbiochem	1	8	226336
calcif	3	8	226376
calcifi	1	12	226432
calcium	5	31	226488
calcul	11	36	226652
calderon	1	1	226884
calf	4	34	226896
calhoun	1	3	227064
calibr	2	2	227084
california	2	5	227108
calikoglu	1	1	227144
call	14	55	227156
callu	2	4	227488
calmett	1	1	227520
calor	2	4	227532
calori	2	14	227564
cambridg	1	1	227636
camera	1	1	227648
cami	1	1	227660
camouflag	1	1	227672
campaign	1	4	227684
campbel	1	1	227708
campo	1	3	227720
campylobacteria	1	1	227740
canada	2	18	227752
canadian	1	9	227840
canal	1	2	227884
cancel	1	1	227900
cancer	19	250	227912
candac	1	1	229064
candid	10	15	229076
canobbio	1	5	229216
canon	1	9	229244
canopi	1	1	229288
capabl	12	16	229300
capac	12	44	229460
cape	2	2	229732
capillari	3	11	229756
capit	1	11	229824
capita	1	1	229876
capreomycin	1	1	229888
capsul	1	5	229900
capsular	2	4	229928
captur	5	11	229960
car	6	11	230044
carbapenem	1	3	230136
carbohydr	2	54	230156
carbomed	1	1	230388
carbon	1	2	230400
carcinoembryon	1	1	230416
carcinogenesi	1	10	230428
carcinoma	11	34	230476
cardiac	24	155	230700
cardio	1	2	231512
cardiogen	3	5	231528
cardiolog	5	5	231572
cardiologist	3	7	231632
cardiometabol	2	3	231684
cardiomyopathi	5	28	231712
cardioprotect	3	6	231864
cardiopulmonari	3	13	231912
cardiosati	1	3	231988
cardiothorac	2	2	232008
cardiovascular	14	155	232032
cardoso	1	2	232764
care	27	754	232780
career	1	1	236012
carefulli	6	8	236024
caregiv	4	14	236104
cari	2	2	236192
caribbean	1	1	236216
carina	1	1	236228
carl	1	1	236240
carla	1	1	236252
carlo	2	2	236264
carmin	1	1	236288
carnett	1	3	236300
carnota	1	1	236320
carolin	1	1	236332
carolina	2	3	236344
carolyn	1	1	236372
caron	1	1	236384
caroten	2	2	236396
carotid	6	22	236420
carpal	1	1	236556
carpet	1	2	236568
carrera	1	1	236584
carri	18	53	236596
carriag	1	3	236952
carrier	2	2	236972
carrion	1	1	236996
carrot	1	1	237008
caruso	1	1	237020
carvedilol	1	17	237032
cascad	1	1	237108
case	44	545	237120
casimir	1	1	239652
castellani	1	1	239664
castillo	1	1	239676
casual	1	6	239688
casucci	1	1	239720
cat	1	2	239732
catalas	1	2	239748
catalyst	1	1	239764
catalyz	2	2	239776
catanzaro	1	1	239800
cataract	3	3	239812
catastroph	5	5	239848
cataton	1	2	239908
catch	1	5	239924
catecholamin	2	10	239952
categor	10	14	240008
categori	11	65	240144
categoris	1	1	240492
catenin	2	73	240504
cath	1	1	240812
cathecolamin	1	2	240824
cathepsin	1	1	240840
catherin	1	3	240852
cathet	6	14	240872
catheter	1	3	240976
catheteris	1	2	240996
cathi	1	1	241012
cati	1	1	241024
caucasian	7	23	241036
caudal	1	1	241184
cauliflow	1	1	241196
caus	29	74	241208
causal	7	12	241736
causat	2	2	241840
cauteri	1	2	241864
caution	5	7	241880
cautiou	1	1	241948
cautious	2	2	241960
cauuacguuu	1	1	241984
cava	2	2	241996
caveat	3	3	242020
cavern	3	18	242056
cavit	1	1	242152
caviti	7	10	242164
cavitii	1	1	242260
cbg	1	6	242272
cbi	1	2	242304
cbo	1	8	242320
cbpr	1	7	242360
cc	2	4	242396
cca	2	6	242428
ccare	1	2	242468
cccaattgtatagatttagaa	1	1	242484
cccggggctga	1	1	242496
cce	1	2	242508
ccggccggat	1	1	242524
cch	1	1	242536
ccm	2	7	242548
ccp	1	1	242592
cctt	1	1	242604
cd	2	24	242616
cd16	1	1	242728
cd19	1	2	242740
cd3	1	1	242756
cd34	1	26	242768
cd36	1	1	242880
cd4	3	5	242892
cd40	1	1	242936
cd8	2	3	242948
cd80	1	1	242976
cd86	1	1	242988
cdc	3	16	243000
cdk	1	1	243088
cdk1	1	5	243100
cdna	3	18	243128
cea	1	2	243224
ceas	2	2	243240
cecal	1	2	243264
cecum	1	5	243280
cedex	1	1	243308
cefazolin	1	3	243320
ceftazidim	1	1	243340
ceftriaxon	2	2	243352
ceil	1	2	243376
celb	1	2	243392
celentano	1	2	243408
celiac	2	22	243424
cell	26	575	243528
cellobios	1	1	246036
cellul	1	2	246048
cellular	7	78	246064
cellulos	1	1	246432
censu	1	28	246444
cent	1	2	246564
center	15	144	246580
centerpiec	1	1	247276
centigrad	1	1	247288
centimetr	1	4	247300
centr	7	24	247324
central	30	57	247476
centrifug	2	4	247944
centroid	1	2	247976
centromer	2	9	247992
centrosom	1	3	248044
centuri	4	7	248064
cep	1	3	248124
cephalgia	1	1	248144
cephalosporin	1	13	248156
cereal	1	1	248216
cerebellum	1	1	248228
cerebr	5	31	248240
cerebro	1	1	248404
cerebrospin	2	11	248416
cerebrovascular	5	11	248476
certainti	3	3	248560
certif	1	1	248596
certifi	3	5	248608
ceruleu	1	1	248652
cervic	3	21	248664
cervix	1	2	248772
cesar	1	1	248788
cesarean	3	3	248800
cesd	1	2	248836
cessat	4	15	248852
cf	1	1	248944
cfm	1	1	248956
cfrd	2	19	248968
cg	1	3	249060
cggccgg	1	1	249080
cgm	2	37	249092
cgmh	1	3	249256
ch	1	1	249276
chaaya	1	1	249288
chain	3	3	249300
chair	3	4	249336
chairman	1	1	249376
chaisson	1	1	249388
challeng	16	55	249400
chamber	5	13	249748
champaign	1	1	249840
champion	3	4	249852
chan	2	4	249892
chanc	7	14	249924
chang	30	159	250036
channel	5	11	250912
chaodynam	1	1	250996
chaotic	2	3	251008
chapel	2	3	251036
charact	1	1	251064
character	18	42	251076
characteris	4	16	251388
characterist	25	90	251484
charcot	2	4	252044
charg	3	3	252076
charl	2	4	252112
charlott	1	1	252144
charm	2	2	252156
charsei	1	1	252180
chart	2	2	252192
charter	1	2	252216
chase	1	2	252232
chatterje	1	1	252248
chc	1	4	252260
chd	3	32	252284
che	1	3	252436
cheap	1	1	252456
check	7	10	252468
checklist	2	2	252564
checkpoint	1	19	252588
chelat	2	3	252672
chemaitelli	1	1	252700
chemic	7	8	252712
chemicon	1	1	252800
chemiluminesc	3	5	252812
chemist	1	1	252856
chemistri	2	2	252868
chemoreceptor	1	1	252892
chemotherapi	4	72	252904
chen	2	2	253224
cheng	1	1	253248
cheonan	1	1	253260
cherian	1	1	253272
cherri	1	1	253284
chest	18	73	253296
chf	4	25	253732
chi	5	10	253864
chi2	1	3	253944
chiang	1	4	253964
chiao	1	1	253988
chiasm	1	1	254000
chicago	4	16	254012
chicken	1	1	254108
chief	7	7	254120
chieh	1	1	254204
child	9	80	254216
childbear	3	10	254608
childcar	1	1	254672
childhood	6	30	254684
children	10	297	254852
chile	1	2	256120
chill	2	2	256136
chin	3	3	256160
china	1	1	256196
chinchwad	1	2	256208
chines	4	4	256224
chinyer	1	1	256272
chip	1	2	256284
chipman	1	1	256300
chir	1	1	256312
chir99021	1	16	256324
chisolm	1	1	256396
chlorid	1	2	256408
chlorpromazin	1	1	256424
chlorthalidon	2	3	256436
chlorthatlidon	1	1	256464
choi	1	1	256476
choic	10	31	256488
choke	1	1	256692
cholangiopancreaticographi	1	2	256704
cholangiopancreatographi	1	1	256720
cholec	1	1	256732
choleci	1	1	256744
cholecyst	1	5	256756
cholecystectomi	4	5	256784
cholecystolithiasi	1	2	256836
cholelithiasi	1	5	256852
cholesterol	5	142	256880
cholinerg	1	3	257488
cholinesteras	1	1	257508
chondrodysplasia	1	1	257520
choos	3	4	257532
choreiform	1	1	257572
chorion	2	2	257584
choroid	1	1	257608
chose	5	8	257620
chosen	8	10	257692
chou	1	1	257796
chrasandra	1	1	257808
christin	1	1	257820
christina	1	6	257832
christma	1	1	257864
christoph	1	3	257876
chromatin	1	1	257896
chromogen	2	2	257908
chromosom	7	156	257932
chronic	21	118	258612
chronolog	3	5	259252
chronotrop	1	1	259296
chrpe	1	2	259308
chu	1	1	259324
chug	1	2	259336
chul	1	1	259352
chun	1	1	259364
chung	1	1	259376
church	1	3	259388
ci	10	100	259408
cibi	1	2	259888
cic	1	2	259904
cicu	2	8	259920
cid	1	1	259968
cigarett	4	19	259980
cihr	1	1	260088
ciliari	1	1	260100
cimetropium	1	1	260112
cin	1	1	260124
cine	2	10	260136
cinefilm	1	1	260192
ciprofloxacin	1	1	260204
circl	5	8	260216
circuit	1	1	260288
circul	8	11	260300
circular	3	5	260408
circulatori	1	2	260452
circumcis	1	5	260468
circumfer	5	7	260496
circumferenti	1	2	260564
circumflex	4	7	260580
circumst	5	6	260640
cirrhosi	3	10	260704
cit	1	2	260768
cite	2	3	260784
citi	2	113	260812
citizen	2	4	261280
citrat	2	5	261312
citru	2	2	261348
civic	1	3	261372
civil	1	1	261392
cj	1	1	261404
ckd	2	22	261416
ckmb	2	3	261520
clahsen	1	1	261548
claim	4	8	261560
clairborn	1	1	261624
clamp	1	1	261636
clara	1	1	261648
clareci	1	2	261660
clarif	1	1	261676
clarifi	7	10	261688
class	10	45	261784
classic	8	33	262044
classif	15	40	262240
classifi	16	33	262520
classroom	1	2	262780
claudia	1	1	262796
claudic	3	7	262808
claustrophobia	2	2	262860
clavicl	1	1	262884
clavicular	1	1	262896
clean	1	5	262908
cleans	1	1	262936
clear	23	68	262948
clearanc	1	1	263404
cleari	1	1	263416
cleav	1	1	263428
cleft	2	13	263440
clegg	1	1	263508
clement	1	1	263520
cleverlei	1	1	263532
click	4	9	263544
client	1	32	263612
cliff	1	2	263748
climat	2	6	263764
clinic	46	514	263804
clinicalpractic	1	1	266228
clinicepidemiolog	1	1	266240
clinician	13	47	266252
clinicopatholog	2	3	266544
clissold	1	1	266572
clock	2	2	266584
clofazimin	1	1	266608
clomiphen	1	2	266620
clonal	2	2	266636
clone	2	4	266660
clonidin	2	2	266692
clontech	1	1	266716
clopidogrel	3	7	266728
close	27	64	266780
closer	4	6	267252
closest	1	2	267308
closur	1	1	267324
clot	6	19	267336
cloth	1	3	267460
cloudi	1	1	267480
clozapin	1	3	267492
clozaril	1	1	267512
club	2	6	267524
clue	2	2	267564
clustalw	1	1	267588
cluster	6	41	267600
cm	20	89	267812
cma	1	1	268328
cmaj	1	1	268340
cmr	1	47	268352
cmv	1	1	268548
cn	3	12	268560
cnidaria	1	6	268632
cnidarian	1	7	268664
cnr	1	6	268700
co	13	33	268732
coach	1	1	268968
coaction	1	1	268980
coad	1	1	268992
coagul	7	17	269004
coalesc	1	5	269128
coalit	1	1	269156
coapt	1	1	269168
coaptat	1	1	269180
coast	2	2	269192
coastal	2	2	269216
coat	3	3	269240
cobb	1	6	269276
cocain	2	9	269308
coccyg	1	1	269360
cochran	1	1	269372
cockcroft	2	2	269384
cockroach	1	4	269408
cocktail	1	2	269432
cod	1	1	269448
code	6	20	269460
codifi	2	2	269588
codon	3	15	269612
coecal	1	2	269696
coecumvolvulu	1	1	269712
coeffici	7	16	269724
coexist	6	18	269844
cofactor	1	1	269964
coffe	1	1	269976
coffei	1	1	269988
cofrancesco	1	2	270000
coga	1	4	270016
cognit	8	91	270040
cogniz	2	2	270468
cohen	2	2	270492
cohes	1	5	270516
cohort	13	71	270544
coid	1	2	270932
coil	3	5	270948
coincid	3	3	270992
cold	3	4	271028
colectomi	3	5	271068
coli	5	13	271112
coliti	2	2	271204
collabor	8	61	271228
collag	1	1	271536
collagen	1	1	271548
collaps	3	3	271560
collar	1	1	271596
collater	3	4	271608
colleagu	4	19	271648
collect	20	83	271756
colleg	5	22	272248
collim	2	2	272376
collin	1	1	272400
collis	1	1	272412
colo	1	1	272424
colon	13	57	272436
coloni	3	10	272768
colonographi	1	3	272832
colonoscop	4	27	272852
colonoscopi	6	90	272992
colonovideoscop	1	2	273400
coloproctolog	1	2	273416
color	4	6	273432
colorect	7	80	273488
colostomi	2	3	273864
colostrum	1	1	273892
colour	1	1	273904
columbia	1	6	273916
columbu	1	1	273948
column	2	5	273960
colur	1	1	273996
coma	6	34	274008
comatos	2	3	274192
comb	1	1	274220
combat	2	6	274232
combin	27	153	274272
come	4	9	275100
comet	1	6	275168
comfort	4	16	275200
commenc	4	14	275296
comment	6	7	275384
commentari	1	1	275460
commerci	7	20	275472
commiss	1	2	275608
commit	3	8	275624
committe	8	26	275680
common	34	143	275848
commonest	1	1	276692
commonli	19	44	276704
commun	10	361	277032
communic	1	2	278556
commut	1	10	278572
comorbid	10	86	278620
compar	34	283	279044
comparison	21	60	280448
compart	4	13	280856
compat	4	7	280940
compel	2	8	281000
compens	3	4	281048
compensatori	1	4	281088
compet	22	42	281112
competit	2	5	281456
competitor	1	6	281492
compil	1	1	281524
complain	4	4	281536
complaint	6	10	281584
complement	6	7	281672
complementari	2	2	281748
complet	29	131	281772
complex	22	100	282528
compli	6	6	283104
complianc	1	2	283176
compliant	1	2	283192
complic	26	266	283208
complimentari	1	1	284480
compon	18	86	284492
compos	5	7	284980
composit	6	19	285048
compost	1	1	285172
compound	8	16	285184
comprehend	1	1	285312
comprehens	11	69	285324
compress	8	12	285688
compris	8	21	285800
compromis	7	11	285948
comput	21	76	286048
computer	2	6	286520
computeris	1	1	286560
comuna	1	1	286572
conc	1	1	286584
conceiv	12	21	286596
concentr	21	79	286776
concept	14	36	287260
conceptu	3	10	287516
concern	9	50	287580
concert	3	3	287852
concha	1	1	287888
concis	2	2	287900
conclud	11	25	287924
conclus	41	151	288112
concomit	8	10	289044
concomitantli	2	4	289148
concord	6	10	289180
concrement	1	1	289268
concret	2	2	289280
concurr	6	9	289304
condens	2	3	289388
condessa	1	1	289416
condit	35	177	289428
condom	1	40	290416
conduc	2	4	290584
conduct	16	109	290616
conduit	1	1	291180
condyl	1	2	291192
cone	2	2	291208
confer	6	15	291232
confid	11	21	291340
confidenti	3	4	291512
configur	2	3	291552
confin	3	3	291580
confirm	35	111	291616
confirmatori	2	2	292340
conflict	5	17	292364
confluenc	1	7	292472
confluent	2	2	292508
confoc	1	1	292532
conform	1	2	292544
confound	4	14	292560
confront	2	3	292648
confus	6	13	292676
confusion	1	1	292776
congenit	7	18	292788
congest	8	9	292916
congreg	1	2	293016
congress	1	2	293032
congruenc	1	1	293048
conio	1	1	293060
conjug	2	4	293072
conjunct	4	10	293104
conjunctiv	1	1	293176
connect	12	36	293188
connecticut	1	2	293428
connolli	1	4	293444
consciou	7	43	293468
conscious	9	52	293696
consecut	13	23	293976
consens	1	1	294172
consensu	11	48	294184
consent	20	38	294464
consequ	15	43	294776
conserv	10	31	295068
consid	34	187	295272
consider	20	75	296292
consist	33	133	296752
consolid	3	4	297548
consortium	1	1	297588
constanc	1	2	297600
constant	6	10	297616
constantli	4	4	297704
constel	1	1	297752
constip	4	10	297764
constitu	1	1	297836
constitut	8	11	297848
constrain	2	2	297956
constraint	3	7	297980
constrict	2	2	298032
constru	1	1	298056
construct	5	23	298068
consult	9	27	298200
consum	9	21	298380
consumpt	4	20	298536
contact	9	16	298648
contagion	1	1	298784
contain	4	7	298796
contamin	1	5	298856
contempl	4	7	298884
contend	1	1	298944
content	11	29	298956
context	7	31	299160
contextu	1	4	299340
contigu	3	5	299364
continu	28	91	299408
continua	2	2	299996
continuum	4	5	300020
contol	1	1	300072
contra	1	2	300084
contracept	4	6	300100
contract	2	2	300156
contractil	1	1	300180
contractur	1	12	300192
contradict	1	1	300248
contradictori	2	2	300260
contraind	8	46	300284
contralater	1	1	300532
contrari	4	5	300544
contrast	26	113	300596
contribut	28	101	301256
contributor	3	3	301884
control	34	515	301920
controversi	13	26	304252
contus	2	5	304460
convei	2	2	304496
conven	1	1	304520
conveni	5	16	304532
convent	12	25	304636
convers	9	23	304832
convert	2	3	304996
convex	1	2	305024
convinc	4	6	305040
cool	1	2	305096
coolsnap	1	1	305112
coomb	1	1	305124
cooper	7	11	305136
coordin	9	35	305236
copd	2	4	305448
cope	7	17	305480
copernicu	1	2	305604
copi	6	6	305620
coral	1	2	305692
corbin	1	2	305708
cord	5	21	305724
core	5	20	305848
coreport	1	1	305968
cork	1	1	305980
corneal	2	2	305992
corner	2	7	306016
corollari	2	2	306060
coron	3	6	306084
coronari	13	303	306132
corpor	7	9	307448
corpu	1	3	307540
corrado	1	1	307560
correct	16	82	307572
correctli	6	11	308028
correl	24	154	308120
correspond	5	7	308928
corridor	1	1	308996
corrobor	2	2	309008
cortex	2	7	309032
cortic	3	4	309076
corticosteroid	5	14	309116
corticostreroid	1	1	309212
corticotroph	1	1	309224
corticotropin	1	1	309236
corticotropinoma	1	3	309248
cortisol	2	27	309268
cosmopolitan	1	1	309392
cost	15	108	309404
costli	5	6	309956
cothren	1	1	310020
cotton	1	1	310032
cough	5	15	310044
couldn	2	5	310144
council	1	3	310180
counsel	6	53	310200
counselor	1	4	310460
count	19	47	310484
counter	5	9	310824
counteract	3	4	310900
counterbal	1	1	310940
counterpart	2	2	310952
counterpoint	1	1	310976
counterregul	1	1	310988
counterregulatori	1	1	311000
counterstain	1	1	311012
counti	2	14	311024
countri	9	56	311096
coupl	4	9	311392
courag	1	1	311460
cours	19	44	311472
court	1	5	311800
covari	2	7	311828
coven	1	1	311872
cover	9	51	311884
coverag	5	12	312160
coverslip	2	3	312248
cowork	2	2	312276
cox	2	3	312300
coyl	1	1	312328
cp	4	9	312340
cpeb	1	2	312408
cpk	1	1	312424
cpnp	1	1	312436
cpr	2	4	312448
cpu	1	20	312480
cr	2	99	312568
crack	1	4	312980
crafft	1	1	313004
cramp	1	1	313016
cranial	4	15	313028
craniocaud	1	1	313120
craniocerv	1	1	313132
crank	1	1	313144
crankshaft	1	1	313156
crap	1	1	313168
crawford	1	1	313180
crc	2	35	313192
cream	1	1	313348
creat	8	42	313360
creatin	3	3	313592
creatinin	5	34	313628
creation	3	3	313804
creativ	2	5	313840
creator	1	1	313876
credibl	1	1	313888
credit	1	1	313900
creosot	1	2	313912
crescent	1	3	313928
crest	2	2	313948
cri	1	1	313972
crilli	1	1	313984
crime	1	35	313996
crimin	2	2	314144
crise	2	2	314168
crisi	3	9	314192
crisostomo	1	1	314252
cristina	1	1	314264
criteria	24	132	314276
criterion	6	9	314996
critic	20	140	315080
crna	1	1	315800
croatian	1	4	315812
cron	1	1	315836
cross	8	28	315848
crossov	1	1	316024
crow	1	1	316036
crowd	1	1	316048
crown	2	3	316060
crowther	1	2	316088
crp	3	5	316104
crucial	3	4	316148
crude	1	1	316188
cruel	1	1	316200
cruickshank	1	1	316212
crust	1	1	316224
cry	2	3	316236
cryosect	1	2	316264
cryptic	1	1	316280
cryptogen	3	5	316292
crystal	1	1	316336
csap	1	2	316348
csat	1	1	316364
csc	1	1	316376
cse	1	3	316388
csf	2	45	316408
csii	2	11	316604
ct	25	283	316664
cta	2	39	317996
ctca	1	14	318168
ctg	1	1	318232
cuet	1	1	318244
cuff	3	15	318256
cullen	1	1	318340
culmin	1	1	318352
culprit	1	1	318364
cultiv	2	3	318376
cultur	14	91	318404
cumul	5	5	318880
cunniff	1	1	318940
cur	4	4	318952
curbow	1	1	319000
cure	4	6	319012
curios	2	2	319068
curiou	1	1	319092
curli	1	1	319104
current	23	95	319116
curriculum	3	13	319680
curschmann	1	2	319756
curv	9	54	319772
curvatur	1	1	320060
curvilinear	3	5	320072
cush	1	6	320116
cushion	2	2	320148
cushman	1	1	320172
cusimano	1	1	320184
custalw	1	1	320196
custodi	3	4	320208
custom	3	3	320248
cut	9	35	320284
cutan	3	3	320496
cutoff	3	6	320532
cv	1	1	320580
cva	1	2	320592
cvd	3	213	320608
cvid	1	18	321484
cvp	1	5	321564
cxcl12	1	1	321592
cxcr4	1	3	321604
cy	1	2	321624
cy2	1	1	321640
cy3	1	1	321652
cy5	1	1	321664
cyanot	1	2	321676
cycl	16	28	321692
cyclacur	1	1	321932
cyclas	1	1	321944
cyclin	2	4	321956
cycloserin	1	1	321988
cyclosporin	1	1	322000
cylind	1	1	322012
cyril	1	1	322024
cys417trpfsx37	1	2	322036
cyst	3	13	322052
cystic	7	19	322128
cytogenesi	1	1	322260
cytokin	3	13	322272
cytokinesi	1	1	322348
cytolog	1	1	322360
cytomegaloviru	1	1	322372
cytometr	1	1	322384
cytometri	3	13	322396
cytopenia	1	3	322472
cytoplasm	3	6	322492
cytotox	1	4	322540
czech	1	22	322564
d1	1	1	322660
d5s134	1	4	322672
d5s299	1	5	322696
d5s346	1	5	322724
d5s82	1	4	322752
da	3	8	322776
dab	1	1	322832
dacosta	1	1	322844
dad	1	1	322856
dade	1	1	322868
daghini	1	1	322880
dahlgren	1	1	322892
dai	37	308	322904
daili	14	48	324432
dairi	3	3	324736
dajun	1	1	324772
daksha	1	1	324784
dale	1	2	324796
dali	1	1	324812
dalla	1	2	324824
damag	15	57	324840
dana	1	4	325188
danesh	1	1	325212
danger	5	10	325224
daniel	2	9	325304
dargi	1	2	325356
dario	1	1	325372
dark	3	3	325384
darryl	1	1	325420
dash	3	5	325432
data	37	414	325476
databas	7	33	327428
dataset	5	8	327616
date	12	30	327688
daughter	2	3	327904
davi	2	3	327932
david	3	12	327960
davison	1	2	328032
dawodu	1	1	328048
dbd	1	6	328060
dbp	2	8	328092
dc	3	54	328140
dcc	1	1	328380
dcct	2	26	328392
de	7	18	328512
deacon	1	1	328640
dead	3	3	328652
deal	4	6	328688
dean	1	1	328744
dearth	1	1	328756
death	20	159	328768
debat	10	10	329564
debbi	1	1	329684
debilit	5	5	329696
debora	1	1	329756
deborah	1	1	329768
debri	1	3	329780
debrid	2	2	329800
dec	1	1	329824
decad	16	43	329836
decannul	1	3	330136
deceler	1	1	330156
decemb	4	9	330168
decid	11	13	330236
deciph	1	2	330376
decipher	1	1	330392
decis	14	72	330404
declar	19	19	330804
declin	11	65	331032
decompens	3	3	331380
decompress	1	3	331416
decongest	1	2	331436
deconvolut	1	2	331452
deconvolv	1	5	331468
decoupl	1	1	331496
decreas	32	143	331508
decrement	3	3	332336
decubitu	2	3	332372
dedic	7	13	332400
deedwania	1	3	332508
deem	1	2	332528
deena	1	1	332544
deep	10	35	332556
deeper	4	7	332776
default	3	5	332836
defec	1	1	332880
defect	13	49	332892
defend	1	1	333192
defens	3	5	333204
defer	2	2	333248
defibril	1	1	333272
defici	11	62	333284
deficit	7	44	333620
defin	30	122	333852
definit	20	56	334580
deflat	1	1	334964
deflazacort	1	1	334976
deform	3	27	334988
degener	1	3	335120
deglutit	1	7	335140
degrad	6	9	335176
degranul	1	8	335260
degre	19	56	335300
dehydr	4	6	335676
dehydrogenas	1	1	335732
deirdr	1	1	335744
deiri	1	1	335756
deiss	1	1	335768
del	1	1	335780
delai	16	86	335792
delet	3	42	336264
deleteri	2	2	336456
delhi	1	2	336480
deli	1	1	336496
deliber	6	6	336508
delimit	1	2	336580
delin	5	6	336596
delinqu	1	2	336660
deliri	1	1	336676
deliriogen	1	1	336688
delirium	2	43	336700
deliv	9	33	336888
deliveri	6	46	337092
deltavis	1	1	337324
delus	3	4	337336
delusion	1	19	337376
demand	12	23	337460
dementia	5	11	337648
demograph	8	47	337732
demonstr	28	188	337984
demyelin	2	2	338960
dena	1	1	338984
denatur	2	5	338996
dendrit	1	5	339032
dengu	1	1	339060
deni	4	5	339072
denial	1	1	339124
denisa	1	1	339136
denmark	1	3	339148
denomin	1	1	339168
denot	1	5	339180
dens	2	2	339208
densiti	8	17	339232
dental	5	18	339364
dentist	3	3	339476
denver	1	1	339512
deoxynucleotidyl	1	2	339524
deoxyribonucleosid	1	1	339540
deparaffinis	1	1	339552
depart	17	73	339564
departmen	1	1	339992
department	1	1	340004
departur	1	1	340016
depaul	1	2	340028
depend	24	80	340044
depict	4	14	340556
deplet	4	7	340644
deploi	1	1	340704
deposit	1	1	340716
depress	11	102	340728
depriv	5	23	341224
dept	1	1	341356
depth	7	22	341368
deputi	1	1	341512
der	4	5	341524
derek	1	1	341576
deren	1	1	341588
deriv	19	46	341600
descend	3	7	341936
descent	1	1	341988
describ	15	58	342000
descript	10	21	342352
desensit	1	1	342516
desert	1	1	342528
deserv	2	2	342540
design	19	97	342564
desinhibit	1	1	343104
desir	7	21	343116
desmet	1	1	343256
desmoid	1	2	343268
desoxyhaemoglobin	1	1	343284
desper	1	1	343296
dessimoz	1	1	343308
destin	2	5	343320
destroi	3	5	343356
destruct	4	8	343400
detach	2	2	343464
detail	14	28	343488
detain	1	1	343712
detect	37	225	343724
detector	4	7	344920
detent	1	3	344980
deterior	9	26	345000
determin	29	173	345176
determinant	1	1	346100
determinist	1	2	346112
detriment	1	1	346128
detroit	1	5	346140
deuterostomia	1	2	346168
devast	2	2	346184
develop	43	445	346208
development	6	14	348332
deviant	1	2	348436
deviat	7	13	348452
devic	7	20	348560
devil	1	2	348696
devis	2	5	348712
devoid	1	1	348748
devot	2	2	348760
dexamethason	2	5	348784
dexmedetomidin	1	3	348820
dextros	2	2	348840
df	2	29	348864
dfw	1	1	348996
dgge	1	4	349008
dh	1	2	349032
dhaka	1	2	349048
dharmacon	1	1	349064
di	13	23	349076
diabet	17	1721	349272
diabetestrialnet	2	2	356292
diagnos	32	200	356316
diagnosi	39	356	357372
diagnost	28	165	359108
diagnostica	1	1	359992
diagram	1	2	360004
dialogu	1	1	360020
dialysi	2	6	360032
diamet	10	25	360072
diamicron	2	2	360252
diaminobenzidin	1	1	360276
diamond	1	1	360288
diaper	1	1	360300
diaphragm	1	2	360312
diarrhea	4	12	360328
diarrhoea	1	2	360408
diason	1	1	360424
diastol	7	21	360436
diathermi	1	3	360576
diazepam	1	3	360596
diazepin	1	1	360616
dic	1	1	360628
dichloroisoproterenol	1	1	360640
dickson	1	1	360652
dictat	2	2	360664
didact	2	2	360688
didc	1	2	360712
didn	2	8	360728
die	5	5	360776
diego	1	3	360836
diet	5	65	360856
dietari	3	47	361156
dietitian	2	18	361368
diff	1	6	361456
differ	30	193	361488
differenti	16	72	362500
difficult	26	57	362916
difficulti	19	33	363352
diffus	14	27	363636
digest	3	3	363856
digit	3	12	363892
digitali	1	1	363964
digniti	1	1	363976
digoxin	1	1	363988
digoxygenin	1	3	364000
dihydropyridin	2	2	364020
dii	1	1	364044
dilat	10	28	364056
dilemma	2	2	364248
diliman	1	1	364272
diller	1	1	364284
diltiazem	4	6	364296
dilut	4	6	364352
dim	1	1	364408
dimaggio	1	1	364420
dimens	2	4	364432
dimension	2	4	364464
dimer	5	42	364496
diminish	5	6	364704
diminut	1	1	364768
dimitrio	1	1	364780
dina	1	1	364792
diniz	1	2	364804
dinkel	1	1	364820
dinner	1	2	364832
dinushika	1	1	364848
dioxid	1	1	364860
dipeptidyl	1	1	364872
diphosph	1	1	364884
diploid	1	4	364896
diploma	1	1	364920
dipstick	3	3	364932
dipyridamol	1	1	364968
direct	27	62	364980
directli	11	25	365444
director	3	4	365632
directori	1	1	365672
dirix	1	1	365684
dirt	1	1	365696
dirti	1	1	365708
disabl	9	24	365720
disadvantag	6	25	365888
disaffirm	1	1	366036
disagre	1	1	366048
disappear	10	16	366060
disassoci	1	1	366204
disast	2	24	366216
disc	2	2	366328
discard	4	4	366352
discern	1	1	366400
discharg	23	125	366412
disciplin	2	4	367096
disciplinari	1	3	367128
disclaim	1	1	367148
disclos	5	12	367160
disclosur	3	3	367248
discolor	1	2	367284
discomfort	5	14	367300
discontinu	7	13	367396
discoordin	1	1	367504
discord	3	7	367516
discourag	1	1	367568
discov	6	7	367580
discoveri	5	7	367656
discrep	9	15	367724
discret	2	2	367856
discrimin	3	3	367880
discriminatori	1	1	367916
discuss	47	164	367928
diseas	39	484	368960
disenfranchis	1	1	371208
disequilibrium	1	1	371220
dish	2	2	371232
disintegr	1	1	371256
disjunct	1	4	371268
disloc	2	2	371292
dismai	2	2	371316
dismal	1	1	371340
dismiss	2	2	371352
disord	26	199	371376
disorgan	2	5	372380
disori	1	1	372416
dispar	3	49	372428
dispatch	1	1	372648
dispers	1	1	372660
displac	1	1	372672
displai	7	10	372684
dispos	2	2	372780
disposit	2	4	372804
disproportion	3	6	372836
disprov	2	2	372884
disput	2	2	372908
disregard	2	2	372932
disrupt	6	8	372956
dissect	5	81	373036
dissemin	4	17	373400
dissoci	2	11	373500
dissolut	1	1	373560
dissolv	2	4	373572
distal	12	15	373604
distanc	6	41	373760
distant	1	2	373972
distent	1	1	373988
distil	1	1	374000
distinct	11	23	374012
distinguish	11	18	374192
distract	2	2	374352
distraught	1	1	374376
distress	6	11	374388
distribut	16	31	374480
district	3	10	374732
disturb	10	26	374796
dithiothreitol	1	1	374980
diuret	6	28	374992
diurnal	1	2	375152
dival	1	1	375168
divalproex	1	2	375180
diverg	3	3	375196
divers	8	22	375232
diversifi	1	1	375384
diverticul	1	8	375396
diverticulosi	1	1	375436
diverticulum	2	3	375448
divid	8	10	375476
divis	3	10	375580
divorc	1	2	375644
dizzi	2	2	375660
dk	1	1	375684
dka	2	10	375696
dl	13	190	375752
dld	1	15	376616
dlugokinski	1	1	376684
dm	2	5	376696
dmc	1	8	376732
dmd	1	76	376772
dmp53	1	2	377084
dmse	1	1	377100
dmso	1	6	377112
dmti	1	1	377144
dna	8	95	377156
dnastar	1	1	377600
dnsc	1	1	377612
do	1	1	377624
dobutamin	2	7	377636
doctor	5	10	377680
document	10	49	377760
dode	1	1	378036
dogra	1	1	378048
doh	1	2	378060
doi	1	1	378076
dollar	2	2	378088
domain	4	41	378112
dome	1	1	378308
domest	1	6	378320
domin	6	9	378352
dominantli	1	2	378436
don	1	1	378452
donald	1	1	378464
donat	1	1	378476
donati	2	2	378488
dond	1	1	378512
donepezil	1	4	378524
donna	1	2	378548
donor	3	12	378564
door	1	1	378636
dopamin	5	23	378648
dopaminerg	1	1	378780
doppler	5	36	378792
dorchest	1	1	378976
doripenem	1	1	378988
dormant	1	1	379000
dorsali	2	2	379012
dosag	3	7	379036
dose	21	160	379088
doseg	1	1	379896
dostinex	1	2	379908
dot	1	28	379924
doubl	13	23	380044
doubleblind	1	1	380240
doubt	7	8	380252
dougla	1	1	380340
dove	3	3	380352
downplai	1	1	380388
downregul	3	3	380400
downstream	4	6	380436
downtown	1	2	380492
dozen	1	1	380508
dp	2	2	380520
dph	1	2	380544
dpn	2	27	380560
dpp	2	20	380684
dppo	2	7	380780
dq632751	1	2	380824
dr	5	19	380840
draft	10	14	380956
drain	2	3	381092
drainag	5	38	381120
drama	1	1	381312
dramat	9	13	381324
drank	1	1	381448
draw	4	11	381460
drawn	4	4	381536
dream	1	3	381584
dreger	1	1	381604
drew	1	2	381616
dri	5	5	381632
dric	1	1	381692
drift	2	3	381704
drill	1	1	381732
drink	7	12	381744
drinker	1	1	381848
drive	8	32	381860
driven	4	12	382052
driver	4	21	382132
drop	3	5	382248
droplet	1	1	382292
dropper	1	1	382304
drosophila	2	3	382316
drove	1	1	382344
drowsi	1	2	382356
drph	1	9	382372
drug	18	215	382416
drugrel	1	1	383420
druri	1	2	383432
dry	2	2	383448
ds	1	1	383472
dsg	1	3	383484
dsm	5	36	383504
dsme	2	71	383688
dss	1	1	383988
dtdt	1	1	384000
dtm	1	46	384012
dtt	1	1	384204
dual	8	18	384216
dubai	1	1	384352
duchenn	2	5	384364
ductu	1	1	384400
due	39	192	384412
dummi	1	1	385492
dunn	2	4	385504
duoden	1	1	385536
duplex	6	27	385548
duplic	2	2	385704
dura	1	1	385728
durabl	2	2	385740
durat	17	70	385764
dutch	1	11	386180
duti	1	1	386232
dutp	1	2	386244
dvorak	1	1	386260
dvt	3	66	386272
dwell	4	4	386560
dweller	1	2	386608
dy	1	2	386624
dyann	1	1	386640
dye	4	4	386652
dynam	10	29	386700
dysfunct	16	91	386896
dyslipidemia	3	33	387388
dysmorph	1	1	387544
dysozoan	1	1	387556
dysphagia	1	2	387568
dysphasia	1	1	387584
dysphoria	1	3	387596
dysplasia	4	8	387616
dyspnea	4	8	387680
dysregul	1	1	387744
dysthymia	1	1	387756
dystrophi	2	19	387768
dystrophin	1	2	387860
dystrophinopathi	1	1	387876
e1m1v1	1	1	387888
e1m4v1	1	1	387900
e1m5v	1	2	387912
e2m5	1	1	387928
e3m5v4	1	1	387940
e3m6v3	1	1	387952
ea	1	1	387964
eag	2	4	387976
eagl	1	1	388008
eap	1	1	388020
eapd	1	5	388032
ear	3	5	388060
earli	39	255	388104
earlier	17	43	389436
earliest	3	3	389744
earn	1	3	389780
earnshaw	1	1	389800
earthquak	2	4	389812
eas	3	3	389844
easd	2	5	389880
easi	3	4	389916
easier	2	2	389956
easili	12	23	389980
east	2	4	390168
easter	1	1	390200
eastern	1	2	390212
eastsid	1	1	390228
easwaran	1	1	390240
eat	7	30	390252
eb	1	1	390428
eb1	1	3	390440
ebct	2	4	390460
ebv	1	1	390492
ec	1	2	390504
ecc	1	10	390520
ecchymosi	1	4	390568
ecdysozoa	1	1	390592
ecdysozoan	1	1	390604
ecg	11	48	390616
echo	4	17	390896
echocardiogram	4	18	390996
echocardiograph	1	8	391100
echocardiographi	8	31	391140
echoplanar	1	1	391328
echymosi	1	1	391340
eckel	1	1	391352
ecolog	2	18	391364
econom	4	40	391452
economi	1	2	391644
economo	1	1	391660
ectoderm	1	4	391672
ectop	2	8	391696
ectrodactyli	1	1	391744
ed	4	54	391756
edberg	1	2	392004
edd	1	2	392020
edema	7	21	392036
edg	1	1	392176
edhf	1	1	392188
edic	2	6	392200
ediss	1	1	392240
edit	1	1	392252
editor	6	9	392264
editori	1	2	392348
edmund	1	1	392364
edouard	1	1	392376
edta	2	4	392388
eduact	1	1	392420
eduardo	1	1	392432
educ	8	201	392444
educacion	1	1	393312
edward	2	3	393324
eec	1	1	393352
eeg	3	13	393364
ef	2	4	393440
ef424410	1	2	393472
ef424411	1	1	393488
ef424412	1	2	393500
effac	1	1	393516
effect	38	462	393528
efficaci	11	66	395680
effici	15	27	396032
effort	13	42	396260
effus	4	5	396532
efr	1	1	396584
egfr	2	12	396596
egg	2	2	396660
egiebor	1	1	396684
egyptian	1	1	396696
ehealth	1	6	396708
ehi	1	1	396740
ehr	1	5	396752
ei	1	1	396780
eichel	1	1	396792
eighteen	2	3	396804
eighti	5	9	396832
eii	1	1	396908
eila	1	1	396920
ejacul	2	2	396932
eject	6	12	396956
ejku	1	1	397052
ekelund	1	1	397064
ekg	3	12	397076
el	3	8	397148
elabor	2	3	397204
elaps	4	4	397232
elast	1	1	397280
elastas	1	1	397292
elbow	1	1	397304
elder	1	1	397316
elderli	6	22	397328
elecsi	1	1	397464
elect	6	8	397476
electr	3	6	397556
electrocardiogram	5	12	397604
electrocardiograph	2	3	397692
electrocardiographi	1	1	397720
electrochemiluminesc	2	2	397732
electroconvuls	1	1	397756
electrodiagnost	1	1	397768
electroencephalogram	1	1	397780
electroencephalograph	3	3	397792
electroencephalographi	4	7	397828
electrolyt	7	15	397888
electromagnet	1	3	398004
electromobl	1	2	398024
electron	7	20	398040
electrophoresi	4	7	398176
electrophoret	2	4	398236
electrophysiolog	3	18	398268
elegan	1	7	398364
elema	1	1	398400
element	7	21	398412
elementari	2	2	398552
elev	31	113	398576
eleven	1	1	399276
elicit	3	5	399288
elig	7	21	399332
elimin	8	17	399472
elisa	2	8	399604
elispot	1	2	399652
elizabeth	1	4	399668
elklit	1	2	399692
ellipt	1	1	399708
ellison	1	1	399720
elmer	1	2	399732
elmi	1	1	399748
eloqu	1	1	399760
elsa	1	1	399772
elucid	8	11	399784
elus	2	2	399892
em	1	5	399916
ema	1	1	399944
email	1	2	399956
eman	1	1	399972
embarrass	2	4	399984
embed	6	10	400016
embol	5	27	400104
embolectomi	1	3	400252
emboli	2	2	400272
embolis	1	1	400296
embolu	1	2	400308
embryiod	1	1	400324
embryoid	1	1	400336
embryolog	1	1	400348
embryon	4	16	400360
emerg	30	142	400456
emesi	3	3	401264
emf	2	4	401300
emigr	1	1	401332
emili	1	1	401344
emiss	7	10	401356
emmanuel	1	2	401452
emot	11	39	401468
emotion	2	2	401712
empathi	1	1	401736
emphas	8	13	401748
emphasi	2	3	401864
emphasis	2	2	401892
empir	6	12	401916
emploi	9	22	402012
employ	3	23	402172
employe	1	6	402288
empow	4	8	402320
empower	4	11	402384
empti	2	2	402460
empyema	1	1	402484
emr	3	47	402496
emsa	1	7	402708
en	5	6	402744
ena	1	1	402808
enabl	11	23	402820
encas	1	1	403000
encephalo	1	1	403012
encephalopathi	1	4	403024
enclos	1	1	403048
encod	3	11	403060
encompass	4	7	403128
encount	8	11	403188
encourag	9	36	403296
encrypt	1	1	403512
end	19	62	403524
endem	2	4	403924
endlin	1	1	403956
endo	2	2	403968
endocavitari	1	1	403992
endocrin	4	22	404004
endocrinolog	5	33	404124
endocrinologist	5	16	404296
endoderm	1	2	404400
endogen	3	4	404416
endolumin	1	1	404456
endometrium	2	2	404468
endomysi	1	2	404492
endonas	1	7	404508
endophthalm	2	9	404544
endophyt	1	5	404596
endorect	1	1	404624
endors	4	4	404636
endoscop	9	99	404684
endoscopi	7	20	405152
endoscopist	2	12	405288
endotheli	7	19	405352
endothelium	2	4	405484
endothelix	1	1	405516
endotox	1	1	405528
endotrach	2	3	405540
endovascular	1	4	405568
endovascularli	1	1	405592
endpoint	4	9	405604
endur	1	9	405672
enema	1	2	405716
energi	9	12	405732
enforc	1	1	405852
eng	1	1	405864
engag	4	21	405876
engend	1	1	405992
engin	1	3	406004
england	1	1	406024
english	3	9	406036
enhanc	17	78	406096
enigmat	1	2	406544
enjoi	2	4	406560
enjoy	1	1	406592
enlarg	3	5	406604
eno	1	1	406648
enolas	1	2	406660
enorm	1	1	406676
enrich	2	2	406688
enrol	10	40	406712
ensu	3	3	406952
ensur	8	33	406988
ent	1	1	407184
enter	9	35	407196
enterocol	2	3	407408
enteropathi	2	2	407436
enterpris	1	1	407460
entertain	1	2	407472
enthusiasm	2	2	407488
entic	1	1	407512
entir	9	13	407524
entiti	11	19	407648
entitl	1	2	407812
entoderm	1	1	407828
entranc	1	1	407840
entrap	1	1	407852
entri	7	14	407864
entrust	1	1	407976
entwistl	1	1	407988
enucl	1	1	408000
enumer	1	1	408012
envelop	2	6	408024
environ	9	55	408064
environmen	1	1	408356
environment	6	39	408368
envis	1	1	408572
enzygnost	1	1	408584
enzym	9	12	408596
eosin	2	2	408716
eosinophil	2	31	408740
ep	2	11	408880
epa	1	1	408940
epi	1	1	408952
epicardi	5	8	408964
epidem	3	9	409036
epidemiolog	8	54	409096
epidemiologist	1	1	409376
epidermi	1	1	409388
epidermoid	2	2	409400
epigastr	2	4	409424
epigenet	3	4	409456
epilepsi	1	1	409496
epilepticu	1	2	409508
epileptogen	1	6	409524
epiletpogen	1	1	409556
epinephrin	1	1	409568
eping	1	1	409580
epiphenomenon	1	1	409592
episod	16	76	409604
epistemolog	1	1	410036
epitheli	2	3	410048
epithelia	1	1	410076
epithelium	4	7	410088
epo	1	1	410148
epstein	1	1	410160
eptf	1	1	410172
equal	13	34	410184
equat	6	14	410424
equilibrium	1	1	410528
equip	7	20	410540
equit	1	1	410676
equiti	1	3	410688
equival	8	20	410708
equivoc	2	3	410852
er	4	7	410880
era	1	6	410940
erb	1	1	410972
erc	1	1	410984
ercp	1	2	410996
erect	1	1	411012
erectil	3	7	411024
ergometri	2	2	411076
ergosterol	1	1	411100
ergotherapist	1	1	411112
eri	1	1	411124
eric	2	2	411136
erica	1	1	411160
erika	1	1	411172
eriksen	1	1	411184
erim	1	1	411196
erina	1	1	411208
erlangen	1	2	411220
eros	2	2	411236
erp	1	17	411260
errat	2	4	411336
erron	1	2	411368
error	11	23	411384
ersan	1	1	411564
ertapenem	1	1	411576
erupt	1	1	411588
erythema	3	4	411600
erythrocyt	7	10	411640
erythroid	1	4	411736
erythromycin	2	2	411760
erythropoietin	1	4	411784
esan	1	1	411808
esbl	1	3	411820
esc	2	2	411840
escal	2	2	411864
escap	4	4	411888
escherichia	2	2	411936
escola	1	2	411960
escort	1	1	411976
esd	1	3	411988
esid	1	1	412008
esophag	3	4	412020
esophagogastroscopi	1	1	412060
especi	1	1	412072
espinel	1	1	412084
esr	1	5	412096
esrd	2	9	412124
ess	1	1	412176
essai	1	1	412188
essenti	13	36	412200
est	1	4	412448
establish	25	100	412472
estat	1	3	413072
esteem	2	4	413092
estim	22	87	413124
estradiol	2	7	413648
estrogen	3	4	413692
estuarin	1	2	413732
etda	1	1	413748
etdr	2	6	413760
etf	1	1	413800
ethambutol	1	3	413812
ethanol	1	1	413832
ethic	6	11	413844
ethidium	1	1	413936
ethmoid	1	5	413948
ethnic	7	66	413976
ethnograph	1	1	414296
ethyl	1	1	414308
ethylcellulos	1	1	414320
etiolog	12	23	414332
etizolam	1	1	414520
etoil	1	1	414532
etouch	1	2	414544
eug	1	2	414560
eugen	1	1	414576
eugenia	1	1	414588
eugster	1	1	414600
eukaryot	1	2	414612
eumetazoa	1	1	414628
eumetazoan	1	1	414640
europ	6	11	414652
european	6	7	414744
ev	1	1	414820
eva	2	2	414832
evacu	3	9	414856
evalu	33	277	414916
evan	1	1	416288
evenli	1	1	416300
event	26	195	416312
eventu	6	10	417300
everett	1	1	417388
everydai	2	2	417400
evgeni	1	1	417424
evi	1	2	417436
evict	1	1	417452
evid	35	354	417464
evidenc	2	2	419160
evok	5	15	419184
evolut	7	19	419284
evolutionari	2	9	419416
evolv	12	16	419468
exacerb	8	12	419628
exact	8	11	419740
exacto	1	1	419848
exadaktylo	1	1	419860
exagger	2	3	419872
exam	6	32	419900
examin	38	314	420076
exampl	7	17	421636
excav	1	1	421760
exce	3	5	421772
exceed	5	10	421816
excel	12	25	421896
except	3	4	422092
excess	16	49	422132
exchang	2	14	422456
excis	7	20	422528
excit	3	4	422664
exclud	24	39	422704
exclus	18	36	423052
excret	2	34	423340
excurs	3	4	423492
execut	5	8	423532
exemplar	1	1	423604
exemplari	2	2	423616
exemplifi	1	1	423640
exercis	13	120	423652
exert	4	5	424236
exfoli	1	1	424288
exhaust	2	2	424300
exhibit	13	25	424324
exist	21	99	424528
exit	2	7	425092
exocrin	2	2	425136
exogen	1	1	425160
exon	3	45	425172
exon15a	1	1	425376
exophyt	1	3	425388
expand	9	23	425408
expans	6	9	425572
expect	16	66	425656
expector	1	1	426048
expedit	1	1	426060
expenditur	1	7	426072
expens	7	17	426108
experi	20	129	426232
experienc	19	80	426908
experienti	1	1	427380
experiment	7	9	427392
expert	8	42	427484
expertis	5	19	427716
explain	20	40	427832
explan	14	20	428152
explanatori	1	3	428344
explicit	4	5	428364
explicitli	1	1	428416
explo	1	1	428428
explod	2	2	428440
exploit	2	9	428464
explor	6	29	428516
exploratori	3	5	428680
exponenti	4	6	428724
export	2	4	428780
expos	6	34	428812
exposur	16	93	428996
express	21	190	429496
extant	1	1	430424
extavour	1	1	430436
extemporan	1	1	430448
extend	23	47	430460
extens	25	52	430832
extent	16	54	431240
extern	3	3	431584
extra	11	14	431620
extracapsular	1	2	431764
extracellular	1	2	431780
extracolon	1	2	431796
extracrani	1	3	431812
extract	5	9	431832
extraperiton	1	1	431908
extrapol	2	2	431920
extrauterin	1	5	431944
extravas	1	2	431972
extrem	21	60	431988
extrins	1	3	432396
extub	3	13	432416
exud	1	4	432492
ey	8	66	432516
ezeh	1	2	432844
ezetimib	2	2	432860
f1000research	1	2	432884
fa	1	1	432900
faan	1	1	432912
faap	1	1	432924
fabian	1	1	432936
fabul	1	1	432948
face	7	30	432960
facent	1	2	433136
facep	1	1	433152
facet	2	2	433164
facial	2	5	433188
facil	8	47	433224
facilit	10	37	433476
facioparesi	1	1	433704
facscan	1	1	433716
fact	18	37	433728
factor	39	470	434020
factual	1	4	436212
faculdad	1	1	436236
facult	1	1	436248
faculti	2	6	436260
fah	1	1	436300
fail	13	29	436312
failur	20	101	436532
fair	4	7	437096
fairli	2	2	437156
faith	1	3	437180
faiza	1	1	437200
falanga	1	4	437212
fall	10	24	437236
fallen	1	1	437412
fallenberg	1	1	437424
fallopian	1	3	437436
fallout	1	1	437456
fals	11	25	437468
famili	24	234	437656
familia	1	1	438784
familiar	3	5	438796
famou	2	2	438840
fang	1	1	438864
fap	1	88	438876
farah	1	1	439236
farber	1	2	439248
farfel	1	1	439264
fascia	2	5	439276
fascin	1	1	439312
fashion	6	12	439324
fast	8	53	439420
faster	2	3	439696
fastest	2	2	439724
fat	6	55	439748
fatal	9	17	440016
father	4	13	440156
fatigu	3	3	440240
fatti	4	16	440276
favilli	1	1	440372
favor	13	23	440384
favorit	1	2	440580
favour	1	1	440596
fax	1	1	440608
fbi	1	1	440620
fc	2	2	440632
fda	2	6	440656
fdg	2	3	440696
fear	2	14	440724
fearon	1	2	440796
feasibl	11	36	440812
featur	18	55	441044
febril	3	4	441408
februari	3	4	441448
fecal	3	3	441488
fecund	1	1	441524
fed	2	2	441536
feder	4	20	441560
fee	3	38	441672
feed	8	26	441848
feedback	3	9	442016
feel	8	49	442076
feesst	1	3	442336
feet	4	14	442356
feffer	1	2	442444
felix	1	1	442460
fell	2	2	442472
fellow	3	13	442496
fellowship	2	4	442572
felsenstein	1	1	442604
felt	6	43	442616
femal	21	70	442836
femor	6	13	443284
femori	1	1	443384
femoropoplit	1	1	443396
femur	2	5	443408
feng	1	1	443444
fenofibr	2	9	443456
fentanyl	1	1	443508
ferdinand	1	1	443520
fereshteh	1	1	443532
ferment	1	1	443544
feron	1	1	443556
ferrari	1	1	443568
fertil	4	11	443580
fetal	5	11	443656
fever	9	20	443740
fewer	4	8	443892
ffr	1	2	443956
fiber	3	11	443972
fiberopt	1	4	444040
fibr	1	1	444064
fibrat	2	3	444076
fibric	2	2	444104
fibril	2	3	444128
fibrin	2	3	444156
fibrinogen	1	20	444184
fibrinopeptid	1	1	444272
fibronodular	1	1	444284
fibrosi	9	28	444296
fibrot	3	3	444480
fibrou	1	2	444516
fide	1	1	444532
fidel	2	3	444544
field	14	36	444572
fieldwork	1	1	444828
fifteen	4	4	444840
fifti	5	8	444888
fig	12	129	444960
fight	3	3	445572
figueroa	1	1	445608
figur	33	159	445620
file	6	25	446520
fill	7	11	446668
film	2	2	446768
filter	2	4	446792
filtrat	2	2	446824
fimbria	1	1	446848
final	30	84	446860
finalis	1	1	447436
financ	3	3	447448
financi	6	17	447484
find	35	197	447600
fine	2	4	448668
finger	6	27	448700
fingerstick	1	1	448856
fingertip	1	33	448868
finish	1	2	449008
finkelstein	1	2	449024
finland	2	2	449040
finnish	2	2	449064
fire	2	8	449088
firm	3	3	449136
firstli	2	3	449172
fischer	2	3	449200
fish	4	4	449228
fisher	4	6	449276
fission	1	1	449332
fit	11	29	449344
fix	7	10	449548
fixat	2	11	449644
flanagan	1	1	449704
flank	1	1	449716
flap	2	5	449728
flask	1	2	449764
flat	5	6	449780
flatul	2	2	449844
flaw	2	2	449868
flexibl	2	4	449892
flexion	1	1	449924
flexur	1	1	449936
flight	1	1	449948
flip	2	3	449960
float	1	5	449988
floen	1	1	450016
floor	4	4	450028
flora	1	2	450076
flore	1	1	450092
flow	13	67	450104
flower	1	2	450476
flu	2	2	450492
fluctuat	7	8	450516
fluid	12	26	450604
flung	1	1	450804
flunitrazepam	1	1	450816
fluocinolon	1	1	450828
fluoresc	2	3	450840
fluorodeoxi	1	1	450868
fluorographi	1	1	450880
fluoroscop	1	10	450892
fluoroscopi	2	2	450940
flupenthixoldecano	1	2	450964
flush	2	2	450980
fly	1	1	451004
flynt	1	1	451016
fm	1	2	451028
fmd	1	2	451044
fmri	1	28	451060
focal	12	34	451180
foci	5	10	451412
fock	1	1	451492
focu	12	56	451504
focus	12	41	451824
focuss	2	3	452084
foetal	1	1	452112
fold	13	32	452124
folei	1	2	452356
follicl	1	1	452372
follicular	3	5	452384
follow	22	150	452428
followup	4	8	453204
food	8	88	453268
foot	4	75	453684
footbal	1	1	454016
footwear	2	6	454028
foramen	1	1	454068
forbesi	1	1	454080
forc	11	23	454092
forcefulli	1	1	454272
forcep	1	1	454284
ford	1	1	454296
forebrain	1	1	454308
foreclosur	1	1	454320
foreign	2	6	454332
forese	1	1	454372
forest	1	1	454384
forev	1	2	454396
forget	1	1	454412
forgotten	1	1	454424
fork	2	6	454436
forlorn	1	1	454476
form	23	98	454488
formal	4	8	455064
formaldehyd	1	1	455128
formalin	1	1	455140
format	12	19	455152
formul	7	11	455324
formula	4	8	455424
fornoni	1	1	455488
fort	1	2	455500
forti	4	6	455516
fortin	1	1	455572
fortun	1	1	455584
forum	1	5	455596
forward	4	9	455624
fossa	3	7	455692
foster	1	6	455744
fothergil	1	3	455776
fotso	1	3	455796
found	38	275	455816
foundat	5	17	457220
founder	1	9	457328
fourteen	2	2	457372
fourth	9	11	457396
fpg	2	26	457512
fr	2	33	457632
fraction	11	25	457780
fractur	4	52	457968
fragil	1	1	458208
fragment	8	12	458220
fragmentari	1	7	458332
frail	2	2	458368
frailti	2	2	458392
frame	9	35	458416
frameshift	1	3	458628
framework	3	14	458648
framingham	2	9	458728
fran	1	1	458780
franc	3	5	458792
francesca	2	2	458836
francisco	2	5	458860
frank	2	2	458896
franklin	1	1	458920
frantic	1	1	458932
fraser	1	1	458944
fraught	1	1	458956
frawlei	1	1	458968
frax	2	4	458980
frederick	1	1	459012
free	19	55	459024
freedom	1	2	459396
freeli	1	1	459412
freez	2	3	459424
freezer	1	1	459452
freita	1	1	459464
french	1	1	459476
frequenc	18	69	459488
frequent	25	111	459908
fresh	4	10	460552
freshli	2	2	460624
freshwat	1	1	460648
freya	1	1	460660
friabil	1	1	460672
friction	1	1	460684
friedland	1	1	460696
friedman	1	2	460708
friend	2	14	460724
friendli	2	4	460796
friga	1	1	460828
frighten	3	5	460840
frigyesi	1	1	460884
frisc	1	1	460896
front	3	7	460908
frontal	4	15	460960
frontier	1	2	461052
frozen	2	3	461068
fructosamin	2	4	461096
fruit	3	7	461128
frustrat	1	4	461180
frye	1	1	461204
fse	1	1	461216
fsh	2	6	461228
ft	1	1	461268
ft4	1	17	461280
fu	1	1	461356
fuel	3	10	461368
fuhrel	1	1	461432
fulfil	4	4	461444
full	14	31	461492
fuller	1	3	461728
fulli	12	25	461748
function	34	356	461944
fund	3	20	463640
fundament	3	7	463744
fundoscop	2	2	463796
fundu	2	2	463820
funer	1	1	463844
fung	1	1	463856
fungal	2	23	463868
fungi	1	20	463976
fungu	1	5	464064
furder	1	1	464092
furosemid	1	1	464104
furukawa	1	1	464116
furumasu	1	1	464128
fusion	4	20	464140
fusobacterium	1	1	464252
futil	1	1	464264
futur	21	69	464276
fv	1	7	464720
fvc	1	5	464756
g001	1	1	464784
g002	1	1	464796
g003	1	1	464808
g004	1	1	464820
g005	1	1	464832
g006	1	1	464844
g007	1	1	464856
g008	1	1	464868
g009	1	1	464880
g1	1	7	464892
g5y	1	1	464928
ga	6	11	464940
gaba	1	6	465032
gabapentin	1	5	465064
gabazza	1	2	465092
gacaaacgcu	1	1	465108
gadolinium	5	12	465120
gag	1	4	465208
gagacagguu	1	1	465232
gai	1	2	465244
gain	10	31	465260
gair	1	1	465464
gait	1	1	465476
galactorrhea	1	5	465488
galasko	1	1	465516
gale	1	2	465528
galea	1	4	465544
galeno	1	1	465568
galleri	1	1	465580
galvan	1	1	465592
galvin	1	1	465604
game	1	1	465616
gamet	1	30	465628
gamma	1	1	465756
gandelman	1	1	465768
gang	1	1	465780
ganglia	1	3	465792
gap	4	10	465812
gapdh	1	2	465884
garahan	1	1	465900
garcia	1	1	465912
gardasil	1	1	465924
garden	2	17	465936
garfein	1	1	466020
gari	1	2	466032
garnder	1	1	466048
gase	1	1	466060
gaseou	1	1	466072
gastric	5	19	466084
gastrin	1	2	466200
gastriti	1	4	466216
gastro	1	1	466240
gastroen	1	1	466252
gastroenter	1	5	466264
gastroenterolog	2	2	466292
gastroenterologist	5	6	466316
gastrointestin	6	20	466380
gastroparesi	2	12	466508
gastroscopi	1	5	466572
gastrostomi	1	5	466600
gastrul	1	1	466628
gate	3	5	466640
gatewai	1	1	466684
gather	3	10	466696
gatttgatggagttggacatgg	1	1	466760
gaug	3	3	466772
gault	2	2	466808
gave	7	13	466832
gaw14	1	1	466940
gawryluk	1	1	466952
gaze	1	3	466964
gb	1	1	466984
gbca	1	2	466996
gc	3	17	467012
gcatgctgac	1	1	467104
gccaagcagg	1	1	467116
gcccggg	1	1	467128
gctattctctcaggatcttg	1	1	467140
gd	2	2	467152
gdh	1	1	467176
gdm	2	61	467188
ge	3	7	467448
gear	1	1	467500
gebhardt	1	1	467512
gee	2	9	467524
geiser	1	1	467576
gel	5	13	467588
gelatin	1	3	467680
gelmon	1	1	467700
gemelli	1	1	467712
gemfibrozil	2	5	467724
genbank	2	2	467760
genberg	1	1	467784
gender	12	63	467796
gene	10	153	468144
genegel	1	1	468836
gener	42	274	468848
generalis	1	1	470280
generaliz	2	2	470292
genesi	1	1	470316
genet	12	66	470328
geneticist	1	1	470688
genit	1	1	470700
genitourinari	2	2	470712
genom	6	22	470736
genotox	1	13	470872
genotyp	2	11	470932
gentamicin	1	2	470992
gentl	1	1	471008
gentli	1	1	471020
geo	1	1	471032
geobehavior	1	2	471044
geocod	1	5	471060
geograph	3	22	471088
geographi	1	4	471200
geomat	1	2	471224
geometr	2	7	471240
georg	3	18	471284
georgia	1	5	471380
geospati	1	1	471408
gerai	1	8	471420
geriatr	3	4	471460
germ	3	35	471500
germani	6	7	471664
germin	1	1	471740
germlin	1	21	471752
gershon	1	3	471844
gert	2	2	471864
gestat	6	71	471888
getfit	1	2	472220
gfp	1	4	472236
gfr	2	39	472260
ggd	1	1	472432
gh	3	192	472444
ghaeni	1	1	473236
ghana	1	5	473248
ghd	1	8	473276
ghigh	1	1	473316
ghimir	1	1	473328
ghmax	1	8	473340
ghost	1	1	473380
ghstimul	1	1	473392
gi	2	31	473404
giancarlo	1	1	473544
giant	3	5	473556
giardiasi	1	1	473600
giel	1	1	473612
gielen	1	1	473624
gift	1	1	473636
gill	1	1	473648
gillian	1	1	473660
gimpo	1	1	473672
ginsberg	1	1	473684
giri	1	1	473696
girl	5	20	473708
gisenyi	1	1	473828
gitom	1	1	473840
giustini	1	1	473852
give	7	21	473864
gland	3	7	474004
glasgow	3	8	474056
glass	3	4	474112
glaucoma	2	2	474152
glazier	1	5	474176
glean	1	1	474204
gleich	1	1	474216
gln542x	1	1	474228
glo	1	1	474240
global	8	29	474252
globe	1	1	474432
globulin	1	1	474444
glomerular	2	2	474456
glp	2	4	474480
glp1	1	1	474512
glu1157aspfsx7	1	2	474524
glu1309aspfsx4	1	4	474540
glu428aspfsx26	1	1	474564
glu74x	1	2	474576
glucagon	2	13	474592
glucocorticoid	4	11	474660
glucogenolysi	1	1	474736
gluconeogenesi	1	1	474748
glucos	13	346	474760
glucosidas	2	2	476248
glue	1	1	476272
glutam	2	4	476284
gluten	2	8	476316
gluth	1	2	476364
gly371x	1	2	476380
gly471x	1	1	476396
gly797valfsx23	1	1	476408
gly97profsx29	1	1	476420
glycat	2	6	476432
glycem	4	243	476472
glycemia	2	36	477476
glyceraldehyd	1	1	477636
glycerol	2	4	477648
glycogen	1	7	477680
glycogenosi	1	1	477716
glycohemoglobin	1	1	477728
glycol	1	1	477740
glycoprotein	1	1	477752
glycosyl	1	1	477764
gm	1	1	477776
gmp	1	1	477788
gn	1	2	477800
goal	11	235	477816
golam	1	1	478844
gold	9	9	478856
goldberg	1	1	478964
goldman	3	5	478976
goldstein	1	1	479020
goling	1	1	479032
golo	1	1	479044
gonadotropin	2	2	479056
gondim	1	3	479080
gonorrhea	1	2	479100
gonzalez	1	1	479116
good	24	89	479128
goodnough	1	2	479676
googl	1	1	479692
gordin	1	1	479704
gosepath	1	1	479716
gothenburg	2	9	479728
gov	3	15	479780
govern	6	35	479864
government	1	2	480052
govt	1	1	480068
gozdyra	1	1	480080
gp	1	1	480092
grace	1	2	480104
graci	1	1	480120
graciela	1	1	480132
grade	15	46	480144
gradient	5	15	480448
gradual	8	10	480548
graduat	1	3	480652
graft	1	1	480672
grai	1	1	480684
grail	1	1	480696
grain	2	4	480708
gram	2	3	480740
granata	1	2	480768
grand	1	1	480784
grandfath	1	1	480796
grandmultipar	1	1	480808
grang	1	1	480820
grant	3	5	480832
grante	1	1	480876
granul	1	2	480888
granular	1	1	480904
granulocyt	1	2	480916
granulomat	1	1	480932
grape	1	1	480944
graph	4	12	480956
graphpad	2	3	481036
grappl	1	1	481064
grasp	1	2	481076
grass	1	1	481092
grassroot	1	1	481104
grate	1	3	481116
gratitud	1	11	481136
grave	1	1	481188
gravi	1	1	481200
gravid	1	1	481212
gravida	1	1	481224
graviti	1	1	481236
graziella	1	1	481248
gre	1	3	481260
great	10	24	481280
greater	22	100	481456
greatest	5	11	482032
greatli	8	13	482116
greek	2	2	482232
green	3	9	482256
greenhous	1	1	482316
greenwich	1	1	482328
greer	1	1	482340
gregori	1	2	482352
grei	2	3	482368
grew	1	1	482396
gri	1	1	482408
grief	2	2	482420
grim	1	1	482444
grimac	1	1	482456
groceri	1	13	482468
groll	1	1	482528
groov	1	1	482540
gross	8	12	482552
grossli	1	1	482664
ground	4	4	482676
group	31	423	482724
grow	10	38	484664
grown	2	6	484896
growth	18	143	484936
gruber	1	1	485652
gs	1	4	485664
gsk	1	147	485688
gsk3	1	2	486284
gsp	1	1	486300
gtaagccaggacaagatgaca	1	1	486312
gtcctttaaca3	1	1	486324
guanosin	1	1	486336
guarante	2	2	486348
guardian	1	1	486372
gudrun	1	1	486384
guenter	1	1	486396
guerin	1	1	486408
guerro	1	1	486420
guess	2	2	486432
gui	1	1	486456
guid	8	26	486468
guidanc	6	20	486636
guidelin	14	95	486764
guidlin	1	1	487256
guilt	1	1	487268
gulf	1	1	487280
gum	1	1	487292
gumbin	1	1	487304
gun	1	1	487316
gung	1	1	487328
guozhen	1	1	487340
gust	1	1	487352
gut	3	3	487364
gwci	1	1	487400
gwin	1	1	487412
gwu	1	2	487424
gyn	1	2	487440
gynaecolog	2	8	487456
gynaecologica	1	1	487504
gynaecologist	1	1	487516
gynecolog	2	2	487528
gynecologist	2	2	487552
gyo	1	1	487576
gyru	1	1	487588
h2b	1	2	487600
ha	1	1	487616
haa	1	1	487628
haart	1	9	487640
haasteren	1	1	487684
habi	1	1	487696
habit	4	8	487708
habitat	1	3	487772
hadn	1	1	487792
haematogen	1	1	487804
haematolog	1	1	487816
haematoma	2	2	487828
haemodynam	1	10	487852
haemogram	1	1	487900
haemorrhag	1	2	487912
haemostasi	1	7	487928
haemostat	1	6	487964
haera	1	1	487996
hafner	1	1	488008
hah	1	1	488020
hair	2	2	488032
hairi	1	1	488056
haitao	1	1	488068
hajsadeghi	1	1	488080
hakan	1	1	488092
haldar	1	4	488104
half	14	29	488128
halfwai	1	1	488356
halil	1	1	488368
halitosi	1	1	488380
hallmark	4	5	488392
hallucin	2	4	488444
halo	2	3	488476
haloperidol	1	7	488504
haloperiodol	1	1	488540
halt	3	9	488552
hamilo	1	2	488612
hamilton	2	4	488628
hammerto	2	2	488660
hamper	5	5	488684
han	5	6	488744
hand	19	45	488808
handicap	1	2	489140
handl	2	3	489156
hang	2	2	489184
hap	2	3	489208
haploinsuffici	1	1	489236
haplotyp	1	74	489248
hapo	2	4	489552
happen	4	15	489584
haqu	1	1	489676
har	1	2	489688
harbor	3	3	489704
harbour	2	3	489740
hard	7	12	489768
harden	1	14	489872
hardi	1	1	489936
hardship	3	3	489948
hardwar	3	3	489984
harlem	1	7	490020
harlin	1	1	490056
harm	5	46	490068
harmless	1	1	490292
harrington	1	1	490304
hart	1	1	490316
harvard	1	2	490328
harvei	2	2	490344
harvest	2	4	490368
hashemit	1	1	490400
hasn	1	1	490412
hassan	2	2	490424
hassl	1	1	490448
hatch	1	1	490460
hatem	1	1	490472
hatfield	1	3	490484
hatipoglu	1	1	490504
hauser	1	1	490516
haven	1	1	490528
hawk	1	1	490540
hazard	5	14	490552
hba	1	1	490648
hba1c	1	1	490660
hbp	2	4	490672
hbv	1	8	490704
hcg	3	5	490744
hcl	1	1	490788
hcpt	1	2	490800
hct116	1	2	490816
hctz	2	5	490832
hcv	1	5	490868
hcz	1	2	490896
hd	1	2	490912
hdl	3	35	490928
head	19	44	491092
headach	7	40	491420
headwai	1	1	491636
heal	8	8	491648
health	17	932	491744
healthcar	8	40	495608
healthi	17	76	495832
healthier	2	3	496272
hear	7	15	496300
heard	2	4	496416
heart	22	175	496448
heartbeat	1	1	497324
heat	2	22	497336
heath	1	3	497440
heather	1	4	497460
heatlei	1	1	497484
heavi	4	8	497496
heavili	1	1	497560
heb	1	4	497572
hecht	1	1	497596
heer	1	1	497608
heiger	1	1	497620
height	9	80	497632
heighten	4	6	498024
heilmann	1	1	498080
heinz	1	1	498092
hek	1	3	498104
hela	1	12	498124
held	2	2	498180
helic	1	1	498204
helicas	1	1	498216
helicobact	1	1	498228
helicopt	1	1	498240
helminth	1	1	498252
help	12	38	498264
helplessli	1	1	498512
hem	1	1	498524
hematocrit	4	7	498536
hematogen	1	2	498596
hematolog	2	2	498612
hematologist	1	1	498636
hematoma	3	46	498648
hematopiet	1	1	498856
hematopoiet	3	19	498868
hematoxylin	3	3	498968
hemicrania	1	2	499004
hemiparalysi	1	1	499020
hemiparesi	2	8	499032
hemiplegia	3	3	499080
hemispher	1	1	499116
hemocytopenia	1	1	499128
hemodilut	1	2	499140
hemodynam	7	17	499156
hemoglobin	5	19	499280
hemoglobinopathi	2	4	499396
hemolysi	2	3	499428
hemolyt	1	3	499456
hemoperitoneum	1	1	499476
hemorrhag	8	18	499488
henri	1	1	499624
henryk	1	1	499636
heparin	8	18	499648
hepat	9	25	499784
hepatectomi	1	2	499956
hepatobiliari	2	7	499972
hepatocellular	3	3	500016
hepatomegali	1	1	500052
hepatovirul	1	1	500064
hepe	1	2	500076
herbal	1	1	500092
herculean	1	1	500104
hereditari	1	1	500116
herman	1	1	500128
hermeneut	1	3	500140
hernandez	1	2	500160
hernia	1	2	500176
hernyndez	1	1	500192
heroin	1	14	500204
herold	1	3	500268
herp	1	4	500288
herzen	1	1	500312
hesc	1	11	500324
hesit	1	1	500376
heterochromatin	1	1	500388
heterogen	10	29	500400
heterolog	1	3	500596
heterosexu	1	8	500616
heterotop	1	9	500656
heterozyg	1	4	500700
hew	1	1	500724
hf	1	11	500736
hfa	1	1	500788
hfp	1	1	500800
hg	5	7	500812
hh	1	9	500880
hhealth	1	1	500924
hiatu	2	2	500936
hiccough	1	1	500960
hidden	2	5	500972
hideki	1	1	501008
hierarch	1	3	501020
hierarchi	1	1	501040
high	42	397	501052
higher	35	194	502976
highest	10	27	504032
highfield	1	1	504220
highli	21	69	504232
highlight	15	38	504676
highspe	1	1	504948
highwai	1	2	504960
hill	2	3	504976
hindawi	6	6	505004
hinder	2	2	505076
hint	1	1	505100
hip	7	42	505112
hippocamp	1	1	505336
hippocampu	1	1	505348
hire	1	1	505360
hiros	1	1	505372
hirsch	1	1	505384
hirsut	1	2	505396
hirtenfeld	1	1	505412
his1172serfsx7	1	1	505424
his255argfsx11	1	1	505436
hispan	1	14	505448
histamin	2	2	505512
histo	1	1	505536
histogram	1	1	505548
histolog	7	15	505560
histon	1	4	505676
histopatholog	9	16	505700
histor	5	8	505836
histori	36	203	505908
hit	3	5	507008
hitherto	1	1	507052
hitoshi	1	1	507064
hitter	1	1	507076
hiv	5	136	507088
hjalmarson	1	2	507672
hla	2	9	507688
hlm	1	1	507740
hn	1	1	507752
ho	2	2	507764
hobbi	1	1	507788
hoc	3	4	507800
hoechst	2	3	507840
hoefl	1	1	507868
hoeven	1	1	507880
hoffman	1	1	507892
hoffmann	1	1	507904
hofhem	1	1	507916
hoist	1	1	507928
hold	7	12	507940
holder	1	1	508044
hole	1	1	508056
holi	1	1	508068
holidai	1	1	508080
holist	2	2	508092
holland	1	1	508116
holter	1	1	508128
home	11	114	508140
homecar	1	1	508684
homeland	1	1	508696
homeless	1	27	508708
homeostasi	1	1	508824
homework	1	1	508836
homicid	1	6	508848
homo	1	4	508880
homogen	4	7	508904
homolog	2	9	508964
homologu	1	1	509016
hon	1	1	509028
honeymoon	2	2	509040
hong	1	1	509064
honor	1	1	509076
hooker	1	1	509088
hop	1	5	509100
hope	4	5	509128
hopeless	2	2	509180
hopkin	2	28	509204
horeman	1	1	509332
horizon	1	1	509344
horizont	1	3	509356
hormon	9	94	509376
horn	2	2	509824
horner	1	2	509848
hort	1	1	509864
horticultur	1	1	509876
horvath	1	1	509888
hospit	35	377	509900
hospitalis	1	1	511688
hospitalist	2	2	511700
host	6	12	511724
hot	3	5	511820
hotal	1	1	511864
hotbot	1	1	511876
hotlin	1	1	511888
hounsfield	3	4	511900
hour	28	95	511940
hous	2	56	512544
household	1	28	512784
houston	1	1	512904
howard	1	1	512916
howlett	1	1	512928
hp	1	20	512940
hpa	1	2	513028
hpc	1	14	513044
hpct	1	3	513108
hpd	1	1	513128
hpll	1	7	513140
hpoa	1	5	513176
hpv	1	9	513204
hq	1	1	513248
hr	6	14	513260
hrc	1	1	513364
hrg	1	7	513376
hri	1	3	513412
hrp	1	1	513432
hrvoje	1	1	513444
hs	2	4	513456
hsc	1	17	513488
hsin	1	1	513564
hsu	1	1	513576
htm	1	1	513588
htn	1	1	513600
hu	4	9	513612
huang	1	1	513680
hub	1	1	513692
huber	1	1	513704
hubert	1	1	513716
huda	1	1	513728
huge	1	1	513740
hui	1	1	513752
hulc	1	1	513764
human	14	82	513776
humbl	1	1	514216
humer	1	1	514228
humid	1	2	514240
humidifi	1	1	514256
humphrei	1	2	514268
hundr	9	17	514284
hunt	1	2	514424
hunter	1	1	514440
hup53	1	5	514452
hup63	1	12	514480
hup73	1	2	514536
hurrican	1	1	514552
hurt	1	2	514564
husband	3	6	514580
hutap63	1	2	514628
hutson	1	1	514644
hwan	1	1	514656
hy	1	1	514668
hybrid	4	11	514680
hybridis	1	1	514756
hydra	1	1	514768
hydralazin	1	1	514780
hydrat	2	2	514792
hydrocarbon	1	1	514816
hydrocephalu	1	9	514828
hydrochlorothiazid	2	2	514872
hydrocortison	1	12	514896
hydrogen	1	1	514952
hydroxyurea	1	1	514964
hye	1	1	514976
hygeia	1	1	514988
hygien	1	16	515000
hyke	1	1	515072
hyne	1	2	515084
hyogo	1	1	515100
hyper	1	1	515112
hyperact	1	1	515124
hyperacut	1	2	515136
hyperaggreg	1	1	515152
hypercholesterolemia	5	10	515164
hypercoagul	2	4	515244
hypercortisol	1	1	515276
hyperdens	2	2	515288
hyperecho	1	1	515312
hyperem	1	2	515324
hyperemia	2	14	515340
hyperextens	1	2	515412
hyperfunct	1	2	515428
hyperglycem	3	13	515444
hyperglycemia	3	109	515520
hyperinsulinemia	2	2	515980
hyperkalemia	2	3	516004
hyperkinesi	1	5	516032
hyperlipidaemia	1	1	516060
hyperlipidemia	3	5	516072
hypermetabol	1	1	516116
hypermucoid	1	1	516128
hypermucovisc	1	2	516140
hyperosmolar	2	6	516156
hyperparathyroid	2	2	516196
hyperplasia	2	2	516220
hyperpolar	1	1	516244
hyperproduc	1	1	516256
hyperprolactinemia	2	5	516268
hyperprolactinoma	1	1	516304
hypersecret	4	10	516316
hypersensit	1	1	516388
hypertens	18	159	516400
hyperthermia	1	1	517180
hyperthyroid	2	4	517192
hyperton	2	2	517224
hypertriglyceridemia	2	7	517248
hypertroph	2	7	517292
hypertrophi	3	3	517336
hyperventil	1	1	517372
hypervigil	1	1	517384
hypha	1	4	517396
hypo	4	5	517420
hypoact	2	2	517472
hypoalbuminemia	1	1	517496
hypocortisol	1	8	517508
hypodens	3	6	517548
hypoecho	1	2	517596
hypogammaglobulinemia	1	3	517612
hypogloss	1	1	517632
hypoglycem	3	15	517644
hypoglycemia	4	245	517728
hypogonad	1	16	518740
hypointens	1	2	518812
hypokalaemia	1	1	518828
hypokalemia	1	1	518840
hypokinesi	2	6	518852
hyponatraemia	1	1	518892
hyponatremia	1	15	518904
hypoperfus	6	21	518972
hypopharynx	1	1	519104
hypopituitar	1	8	519116
hyposmia	1	1	519156
hypotens	7	15	519168
hypothalam	1	1	519284
hypothermia	1	6	519296
hypothes	8	22	519328
hypothesi	9	14	519480
hypothyroid	6	21	519608
hypoventil	2	3	519740
hypox	1	2	519768
hypoxia	2	4	519784
hysterectomi	1	1	519816
hytest	1	1	519828
hz	4	8	519840
iadpsg	2	4	519904
ian	1	2	519936
iatrogen	5	7	519952
ib	1	3	520020
ibadan	1	4	520040
ibid	1	3	520064
ic	6	8	520084
ica	1	12	520164
icam	1	1	520220
icd	2	4	520232
icop	1	2	520264
icp	2	5	520280
icu	7	104	520316
icuh	1	2	520788
icw	1	6	520804
id	1	1	520836
idea	5	6	520848
ideal	8	20	520912
ideat	1	6	521056
ident	10	23	521088
identif	10	28	521260
identifi	28	208	521452
ideolog	1	1	522508
idf	2	2	522520
idiopath	2	8	522544
idu	1	32	522592
ifg	2	24	522728
ig	1	3	522840
iga	3	7	522860
igbo	1	1	522912
igboora	1	1	522924
igf	3	80	522936
igf1	1	1	523280
igfbp	1	2	523292
igg	1	9	523308
igm	1	4	523352
ignor	1	1	523376
igt	2	22	523388
ihd	1	1	523492
ii	20	68	523504
iii	13	45	523936
ij	1	6	524220
ik	1	1	524252
il	4	17	524264
ile169x	1	1	524364
ilencikova	1	1	524376
ileostomi	1	1	524388
ileu	1	4	524400
ileum	1	2	524424
iliac	1	2	524440
iliofemor	1	1	524456
ill	15	156	524468
illeg	1	3	525212
illicit	1	7	525232
illinoi	2	12	525268
illustr	9	13	525332
imag	34	323	525456
imageri	2	3	527020
imagin	1	2	527048
imani	1	6	527064
imatron	1	1	527096
imbal	1	3	527108
imipenem	1	2	527128
imiquimod	1	1	527144
imir	1	1	527156
immatur	4	12	527168
immedi	16	22	527248
immigr	2	45	527464
immin	1	1	527660
immobil	3	5	527672
immobl	1	1	527716
immun	9	42	527728
immuno	1	1	527968
immunoassai	5	6	527980
immunoblot	1	8	528044
immunocompet	1	1	528084
immunocompromis	3	3	528096
immunocytochemistri	1	1	528132
immunodefici	5	17	528144
immunoenzymat	1	1	528252
immunofluoresc	3	5	528264
immunofluoromet	1	1	528308
immunoglobulin	5	14	528320
immunohistochem	2	8	528416
immunohistochemistri	4	6	528464
immunolog	3	11	528520
immunologist	1	1	528588
immunomodul	1	1	528600
immunophenotyp	1	1	528612
immunosorb	1	1	528624
immunostain	2	2	528636
immunosuppress	6	7	528660
immunotech	1	2	528736
immunotherapi	1	1	528752
impact	18	81	528764
impair	18	108	529232
impart	3	4	529808
imped	1	1	529848
impend	1	1	529860
imper	3	3	529872
impermiss	1	1	529908
impetu	1	2	529920
implant	3	4	529936
implaus	1	1	529976
implement	9	83	529988
impli	8	11	530392
implic	14	32	530500
implicit	1	1	530740
import	41	242	530752
importantli	12	25	532048
impos	2	2	532244
imposs	6	9	532268
impoverish	1	1	532352
impress	4	4	532364
improb	1	1	532412
improv	32	362	532424
improvis	1	1	534128
imran	1	1	534140
ina	2	2	534152
inabl	11	15	534176
inaccess	1	3	534324
inaccur	4	4	534344
inaccuraci	2	2	534392
inact	4	8	534416
inactiv	2	2	534480
inadequ	4	9	534504
inadvert	1	1	534572
inappropri	8	16	534584
inattent	1	1	534712
incap	1	1	534724
incarcer	2	24	534736
incent	3	4	534848
incept	1	1	534888
incest	1	12	534900
incid	19	145	534956
incipi	1	1	535688
incis	1	1	535700
includ	49	515	535712
inclus	5	17	538164
incom	3	58	538272
incomplet	5	5	538528
inconceiv	1	1	538588
inconclus	2	3	538600
incongru	2	2	538628
inconsist	4	6	538652
incontin	3	8	538708
inconveni	5	5	538764
incorpor	10	38	538824
incorrectli	2	2	539056
increa	1	1	539080
increas	47	539	539092
increasingli	11	19	541624
incred	1	1	541788
increment	5	7	541800
incretin	2	2	541868
incub	3	28	541892
incur	1	1	542028
indapamid	2	4	542040
indefinit	1	1	542072
independ	23	79	542084
indetermin	1	1	542584
index	11	41	542596
india	2	12	542848
indian	1	4	542912
indianola	2	2	542936
indic	25	120	542960
indigo	1	1	543640
indirect	8	15	543652
indirectli	5	5	543776
indiscrimin	2	2	543836
indistinct	1	1	543860
indistinguish	1	1	543872
indium	1	1	543884
individu	30	429	543896
individualis	1	1	545852
indoor	1	3	545864
indor	1	7	545884
induc	27	103	545920
induct	6	7	546548
indur	1	1	546624
industri	5	8	546636
indwel	2	10	546708
ineffect	5	6	546764
inegr	1	1	546828
inequ	1	12	546840
inert	1	1	546896
inertia	2	2	546908
inevit	2	2	546932
inexpens	2	2	546956
inexperienc	1	1	546980
inf	1	1	546992
infanc	3	3	547004
infant	6	40	547040
infantil	1	1	547248
infarct	18	69	547260
infect	15	134	547680
infecti	7	21	548336
infectio	1	1	548476
infer	7	11	548488
inferior	4	5	548588
inferiosept	1	1	548640
inferomedi	1	1	548652
infertil	3	6	548664
infest	1	6	548712
infiltr	6	8	548744
inflamatori	1	1	548824
inflamm	9	26	548836
inflammatori	9	24	549012
inflat	1	2	549180
inflict	2	2	549196
influenc	13	84	549220
influenti	1	1	549660
influenza	4	15	549672
influx	1	2	549764
inform	35	292	549780
informat	2	2	551228
infrar	1	4	551252
infrastructur	1	8	551276
infraumbl	1	1	551316
infrequ	3	6	551328
infus	9	29	551376
ingegerd	1	1	551564
ingest	5	11	551576
inhabit	4	5	551660
inhal	3	3	551712
inher	5	5	551748
inherit	4	6	551808
inhibit	8	50	551864
inhibitor	12	177	552128
inhibitori	1	5	552932
inhospit	1	2	552960
initi	38	240	552976
inject	16	109	554240
injector	4	4	554804
injur	5	53	554852
injuri	16	159	555104
ink	1	1	555868
inlet	1	2	555880
inmat	3	4	555896
innerv	1	1	555936
inni	1	1	555948
innov	1	11	555960
innumer	1	1	556012
inotrop	3	3	556024
inpati	7	25	556060
input	1	1	556216
inquir	1	1	556228
inquiri	2	3	556240
inr	1	2	556268
insect	1	1	556284
insecur	2	8	556296
inselspit	1	1	556344
insens	2	2	556356
insensit	2	3	556380
inserm	1	1	556408
insert	5	13	556420
insid	4	7	556512
insight	9	15	556572
insignific	2	3	556704
insipidu	1	10	556732
insomnia	1	4	556780
inspect	5	14	556804
inspir	2	2	556900
instabl	4	16	556924
instal	1	1	557020
instanc	10	14	557032
instat	1	1	557168
institut	17	82	557180
instruct	8	16	557644
instructor	1	1	557772
instrument	10	34	557784
insuffici	14	48	558000
insulin	8	261	558304
insult	4	4	559412
insur	4	29	559460
intact	5	10	559608
intak	6	65	559688
integr	13	56	559996
intellectu	5	5	560324
intellig	1	1	560384
intellisens	1	1	560396
intend	8	14	560408
intended	1	1	560528
intens	25	261	560540
intensif	2	6	561784
intensifi	4	6	561824
intensivist	2	2	561880
intent	7	10	561904
inter	5	19	562000
interact	11	46	562116
interassai	2	2	562388
intercept	2	6	562412
interchang	2	2	562452
intercours	1	1	562476
intercurr	2	2	562488
interdepend	1	1	562512
interdisciplinari	2	5	562524
interest	28	80	562560
interestingli	11	21	563104
interf	3	8	563276
interfac	1	2	563332
interfamili	1	2	563348
interfer	8	20	563364
interferon	1	3	563508
interict	1	1	563528
interim	3	3	563540
interior	2	2	563576
interkinetochor	1	2	563600
interleukin	2	2	563616
intermedi	13	22	563640
intermitt	4	6	563832
intern	13	39	563888
internation	1	4	564148
internet	1	44	564172
internship	1	1	564356
interobserv	1	1	564368
interpenetr	1	1	564380
interperson	1	5	564392
interphas	1	2	564420
interplai	2	2	564436
interpret	19	37	564460
interquartil	2	4	564760
interrog	1	1	564792
interrupt	4	4	564804
intersect	1	2	564852
interspers	1	1	564868
interstiti	2	4	564880
interv	19	71	564912
interven	1	1	565348
intervent	23	253	565360
interview	6	80	566556
interwoven	2	2	566924
intestin	9	20	566948
intim	5	16	567100
intima	2	3	567204
intoler	3	14	567232
intox	1	1	567312
intra	8	15	567324
intraabdomin	2	3	567448
intracerebr	2	3	567476
intracorpor	2	2	567504
intracrani	5	12	567528
intrafamili	1	4	567616
intralumin	1	1	567640
intramucos	2	2	567652
intramur	2	9	567676
intramuscular	1	1	567728
intranas	1	12	567740
intraop	7	10	567796
intraor	1	2	567892
intraperiton	2	3	567908
intrapulmonari	1	1	567936
intrasellar	1	1	567948
intrathorac	1	1	567960
intraurethr	2	2	567972
intrauterin	2	16	567996
intravascular	4	6	568076
intraven	16	48	568132
intravitr	2	4	568452
intric	1	1	568484
intrigu	1	2	568496
intrins	2	2	568512
introduc	10	13	568536
introduct	31	60	568668
intron	2	13	569156
intub	3	20	569224
intuit	2	3	569328
invad	3	4	569356
invagin	1	1	569396
invalid	2	2	569408
invari	4	4	569432
invas	20	115	569480
inventori	1	2	570100
invers	8	16	570116
invertebr	1	4	570244
invest	3	9	570268
investig	28	95	570328
invis	2	2	570932
invit	4	7	570956
invitrogen	2	2	571016
involv	38	141	571040
ioannon	1	1	571908
iodid	1	2	571920
iodin	1	2	571936
iodobenzylguanidin	1	2	571952
iohexol	1	1	571968
iom	1	2	571980
ion	3	4	571996
ionis	1	1	572036
ip	1	3	572048
iph	1	6	572068
ipm	1	6	572100
ipsilater	3	9	572132
ipv	1	5	572192
ipvar	1	1	572220
iq	1	2	572232
iqr	2	6	572248
ir	2	4	572288
ira	1	2	572320
iraq	1	1	572336
irb	1	1	572348
ireland	1	1	572360
iren	1	2	572372
iribarren	1	1	572388
irina	1	1	572400
irish	1	1	572412
iron	1	9	572424
irp	1	1	572468
irradi	2	43	572480
irrat	1	3	572668
irregular	3	4	572688
irregularli	1	1	572728
irrelev	1	1	572740
irreplac	1	2	572752
irrespect	3	3	572768
irrevers	2	2	572804
irrig	2	4	572828
irrit	6	10	572860
ischaem	1	3	572948
ischaemia	1	6	572968
ischem	11	32	573000
ischemia	8	27	573216
islam	1	1	573388
island	4	8	573400
islet	3	5	573464
isn	1	2	573508
isoform	2	2	573524
isol	17	45	573548
isoniazid	1	3	573864
isotop	2	2	573884
iss	1	2	573908
issu	15	90	573924
italian	2	4	574404
item	3	17	574436
iter	3	4	574528
iu	2	6	574568
iup	1	7	574608
iv	13	45	574644
ivan	1	2	574928
ivari	1	1	574944
iversen	1	3	574956
ivig	2	24	574976
ivr	1	1	575088
ivu	1	4	575100
ix	3	5	575124
iyer	1	1	575168
izaz	1	1	575180
jabbar	1	1	575192
jack	1	1	575204
jacki	1	2	575216
jackson	2	2	575232
jacquelyn	1	1	575256
jae	1	1	575268
jaff	1	1	575280
jag	1	1	575292
jager	1	1	575304
jail	1	10	575316
jak	1	1	575364
jame	2	8	575376
jami	1	1	575424
jan	1	1	575436
jane	1	1	575448
janic	1	1	575460
janjua	1	1	575472
januari	9	16	575484
japan	5	6	575620
japanes	2	6	575684
jaroslav	1	1	575724
jaundic	1	2	575736
java	1	1	575752
jaya	1	2	575764
jd	2	5	575780
jean	1	3	575816
jeann	1	1	575836
jeannett	1	1	575848
jeb	1	1	575860
jeff	1	1	575872
jeh	1	1	575884
jen	2	3	575896
jenkin	1	1	575924
jennef	1	1	575936
jennif	1	4	575948
jeong	2	3	575972
jepsen	1	1	576000
jersei	1	2	576012
jessica	1	3	576028
jet	1	2	576048
jett	1	1	576064
jewelleri	1	1	576076
jfc	1	1	576088
jfk	1	1	576100
jha	1	2	576112
jho	1	1	576128
jhpiego	1	4	576140
jhu	1	1	576164
ji	2	2	576176
jiang	1	1	576200
jin	2	2	576212
jingsong	1	1	576236
jitka	1	1	576248
jk	1	1	576260
jm	2	2	576272
jn	1	1	576296
joan	1	2	576308
joann	1	2	576324
job	4	7	576340
jodi	1	1	576400
joellen	1	1	576412
john	4	41	576424
johnson	1	2	576620
joi	1	1	576636
join	1	2	576648
joint	9	30	576664
jointli	3	4	576856
jonathan	1	1	576896
jone	2	4	576908
jordanian	1	3	576940
jorg	1	2	576960
joseph	1	3	576976
josephin	1	1	576996
jossei	1	1	577008
jostacio	1	2	577020
journal	24	43	577036
journei	2	5	577400
jovanna	1	1	577436
jrg	1	1	577448
js	2	2	577460
judg	5	6	577484
judgement	1	4	577548
judgment	3	19	577572
jugal	1	1	577672
juli	2	6	577684
julio	1	1	577724
jump	2	2	577736
jun	1	1	577760
junction	1	2	577772
junctur	1	2	577788
june	5	10	577804
jung	1	2	577884
juon	1	1	577900
jupit	1	1	577912
jurisdict	3	3	577924
jussara	1	1	577960
justic	1	2	577972
justifi	5	5	577988
juvenil	2	4	578048
jzerman	1	1	578080
k1	2	21	578092
k2	1	7	578192
k5	1	1	578228
k54	1	1	578240
k57	1	1	578252
ka	1	1	578264
kaeti	1	1	578276
kaiser	1	1	578288
kalayci	1	1	578300
kalichman	1	1	578312
kalisvaart	1	1	578324
kalkman	1	1	578336
kamila	1	1	578348
kanamycin	1	1	578360
kang	1	1	578372
kannel	1	2	578384
kapan	1	1	578400
kaplan	1	1	578412
kapustina	1	1	578424
karachi	1	4	578436
karamitso	1	1	578460
karaulov	1	1	578472
karen	1	3	578484
karishma	1	3	578504
karlberg	1	1	578524
karlidag	1	1	578536
karlson	1	1	578548
karolinska	1	1	578560
karyotyp	1	3	578572
kasantikul	1	1	578592
kate	1	1	578604
katerina	1	1	578616
katharin	1	1	578628
katherin	1	2	578640
kathi	1	1	578656
kathmandu	1	9	578668
kati	1	1	578712
kato	1	1	578724
katyayan	1	1	578736
katz	1	1	578748
kaufman	1	3	578760
kaumann	1	1	578780
kaushik	1	3	578792
kaw	1	4	578812
kb	1	2	578836
kcal	2	2	578852
kcl	1	1	578876
kd	2	5	578888
kda	1	2	578924
kdh	1	1	578940
kdoqi	2	2	578952
kebaso	1	1	578976
kebrdlova	1	1	578988
keef	1	1	579000
keelei	1	3	579012
keenan	1	1	579032
keep	7	16	579044
kei	10	53	579164
keith	1	1	579456
kelana	1	1	579468
kelleh	1	1	579480
kelli	1	3	579492
kellman	1	1	579512
kellum	1	1	579524
ken	1	1	579536
kendal	1	1	579548
kenpaullon	1	2	579560
kent	1	1	579576
kenya	1	8	579588
kephart	1	1	579628
kern	1	1	579640
kernel	2	2	579652
kernig	1	2	579676
kerr	1	2	579692
kerrison	1	1	579708
kerstin	1	2	579720
ketoacidosi	2	7	579736
keton	2	6	579780
ketosi	2	10	579820
ketot	2	2	579876
kevin	1	1	579900
kf	1	1	579912
kfu	1	3	579924
kg	12	64	579944
khalid	2	3	580296
khamadi	1	1	580324
khan	2	3	580336
khawaja	1	1	580364
khillar	1	1	580376
kid	1	1	580388
kidd	1	1	580400
kidnei	8	52	580412
kig	1	1	580684
kigali	1	1	580696
kikuchi	1	1	580708
kill	3	7	580720
killer	3	4	580772
kilodalton	1	1	580812
kim	6	9	580824
kimberli	1	2	580908
kin	2	3	580924
kinar	1	1	580952
kinas	6	13	580964
kind	7	11	581064
kindli	2	3	581164
kinesin	1	1	581192
kinet	3	4	581204
kinetochor	1	60	581244
kingdom	1	1	581492
kingslei	1	1	581504
kinzler	1	2	581516
kiosk	1	1	581532
kirchner	1	2	581544
kirk	1	2	581560
kirst	1	1	581576
kirsten	1	1	581588
kirwan	1	2	581600
kishor	1	2	581616
kit	8	22	581632
kl	1	8	581784
kla	1	94	581824
klagenfurt	1	1	582208
klebsiella	2	21	582220
klei	1	1	582320
kleuver	1	1	582332
kleven	1	1	582344
kling	1	1	582356
klo	1	1	582368
klusaritz	1	1	582380
km	2	3	582392
kn1	1	1	582420
knee	4	27	582432
knew	2	9	582572
knife	1	1	582624
knit	1	1	582636
knock	1	6	582648
knockdown	1	1	582680
knockout	2	2	582692
know	3	11	582716
knowledg	16	79	582784
knowlton	1	1	583228
kobayashi	1	1	583240
kobe	1	2	583252
koblin	1	1	583268
kochar	1	1	583280
kodjovi	1	2	583292
koenig	1	1	583308
koh	1	1	583320
kohoutova	1	1	583332
kolenda	1	2	583344
koma	1	1	583360
komolaf	1	1	583372
kong	1	1	583384
konstantin	1	1	583396
konti	1	1	583408
konto	1	1	583420
korea	4	8	583432
korean	4	14	583496
korinek	1	1	583584
korogocho	1	4	583596
kossi	1	1	583620
kotchoubei	1	1	583632
kothari	1	1	583644
kotla	2	2	583656
kouletio	1	1	583680
kovac	2	5	583692
kp	1	2	583728
krask	1	3	583744
kreuter	1	1	583764
kreutzer	1	1	583776
krishna	1	1	583788
krishnapillai	1	1	583800
krishnaswami	1	1	583812
kristin	1	2	583824
kristina	1	1	583840
kristjansson	1	3	583852
kristr	1	1	583872
kristrom	1	1	583884
kronu	1	1	583896
kruljac	1	1	583908
kruskal	2	4	583920
ktaech	1	1	583952
kuala	1	2	583964
kub	1	2	583980
kudo	2	2	583996
kuenen	1	1	584020
kugelberg	1	1	584032
kuhn	1	2	584044
kumamoto	2	2	584060
kumar	2	7	584084
kumi	1	1	584128
kuo	1	2	584140
kv	3	3	584156
kvp	1	1	584192
kwang	1	2	584204
kwon	1	1	584220
ky	1	1	584232
kyerem	1	1	584244
kyphosi	1	1	584256
kyu	1	1	584268
kz	1	1	584280
l4	1	1	584292
l5	1	3	584304
la	2	4	584324
lab	5	7	584356
label	3	12	584424
labetalol	2	2	584496
labont	1	3	584520
labor	2	6	584540
laboratori	21	52	584580
laborin	1	1	584956
labour	2	2	584968
lachanc	1	1	584992
lack	23	69	585004
lacrim	1	1	585464
lactam	1	1	585476
lactamas	1	3	585488
lactat	1	1	585508
lactotroph	1	3	585520
lacunar	1	3	585540
lad	3	19	585560
lag	1	2	585660
lagb	2	4	585676
lage	1	1	585708
laggard	1	1	585720
lago	1	1	585732
lai	4	11	585744
laid	1	1	585820
lak	1	1	585832
lakh	1	1	585844
lament	1	1	585856
lamin	1	1	585868
lamp	1	1	585880
lanc	2	7	585892
lancet	3	5	585936
land	2	15	585980
landi	1	2	586056
landlin	1	1	586072
landlord	1	2	586084
landmark	4	4	586100
landscap	1	1	586148
lane	2	3	586160
langerhan	1	1	586188
langloi	1	1	586200
languag	5	23	586212
lania	1	1	586344
laniado	1	1	586356
laparoscop	6	20	586368
laparoscopi	3	7	586496
laparotomi	4	7	586548
lapitan	1	2	586608
laps	5	7	586624
lapshin	1	2	586692
lar	1	1	586708
lara	1	1	586720
larg	36	184	586732
larger	18	37	587756
largest	8	16	588048
larval	1	1	588176
laryng	1	6	588188
laryngolog	1	3	588220
laryngologist	1	2	588240
laryngoscop	1	1	588256
larynx	1	5	588268
laser	2	11	588296
lasergen	1	1	588356
last	10	14	588368
lastli	1	1	588504
lat	1	1	588516
late	11	31	588528
latenc	1	3	588740
latent	1	2	588760
later	8	11	588776
latest	2	2	588884
latin	1	2	588908
latina	1	6	588924
latino	3	14	588956
latkin	1	1	589036
laud	1	1	589048
lauerma	1	1	589060
laugh	1	2	589072
launch	2	6	589088
laura	2	2	589128
lauri	1	1	589152
lavag	2	2	589164
laveist	1	1	589188
laverda	1	1	589200
law	2	6	589212
lawlah	1	1	589252
lawoyin	1	1	589264
lawrenc	1	4	589276
layc	1	1	589300
layer	6	9	589312
lb	2	2	589396
lbbb	1	5	589420
lbw	1	4	589448
lcsw	1	2	589472
lcx	2	16	589488
ld50	1	1	589568
ldl	3	97	589580
le	2	3	589992
lead	36	150	590020
leader	3	14	590908
leadership	1	3	590988
leaf	1	2	591008
leaflet	1	4	591024
leak	2	8	591048
learn	7	37	591096
learnt	1	1	591300
leav	5	5	591312
lebanes	1	2	591372
lebrun	1	1	591388
lechat	1	1	591400
leclair	1	3	591412
lectur	1	2	591432
led	11	25	591448
leder	1	1	591636
lee	4	6	591648
leenen	1	1	591704
lef	1	1	591716
lefkowitz	1	1	591728
left	28	164	591740
leg	8	33	592620
legal	4	6	592816
legisl	1	2	592872
legum	2	2	592888
lehman	1	2	592912
leica	1	2	592928
leiomyosarcoma	1	1	592944
lemon	1	1	592956
lenarda	1	1	592968
lend	2	2	592980
length	18	51	593004
lengthen	1	5	593352
lengthi	1	1	593380
leni	1	1	593392
lenin	1	1	593404
lenita	1	1	593416
lenz	1	1	593428
lep	2	5	593440
leprosi	1	1	593476
leptin	1	48	593488
lerman	1	1	593688
leschka	1	1	593700
lesion	24	166	593712
lesli	1	2	594568
lessen	1	1	594584
lesser	1	2	594596
lesson	1	11	594612
let	1	1	594664
lethal	3	4	594676
lethbridg	1	1	594716
letter	5	6	594728
lettuc	1	1	594792
leu77x	1	1	594804
leukemia	2	4	594816
leukocyt	4	8	594848
leukocytosi	2	2	594912
leukopenia	2	2	594936
leung	1	1	594960
leuschner	1	1	594972
leutz	1	1	594984
level	40	606	594996
lever	1	2	597740
leverag	1	1	597756
levi	3	5	597768
levin	1	2	597812
lewi	1	1	597828
lexington	1	1	597840
leyli	1	1	597852
lfa	1	1	597864
lfgw	1	1	597876
lfp53	1	1	597888
lg	1	1	597900
lge	2	17	597912
lgsil	1	1	597996
lh	2	7	598008
lhermitt	1	1	598052
li	3	5	598064
liabil	1	1	598108
lian	1	1	598120
liber	3	4	598132
librari	3	3	598172
libyan	1	1	598208
licens	4	10	598220
licensur	2	4	598292
lidia	1	1	598324
lie	4	6	598336
life	22	170	598392
lifelin	1	1	599248
lifelong	2	5	599260
lifeskil	1	2	599296
lifestyl	5	91	599312
lifetim	4	12	599716
lift	2	12	599796
ligament	1	1	599860
ligand	1	1	599872
ligasur	1	1	599884
ligat	1	3	599896
light	10	21	599916
lightman	1	2	600080
lightspe	1	1	600096
likelihood	11	19	600108
likert	1	2	600272
likewis	2	2	600288
lim	1	1	600312
limb	4	9	600324
lime	1	1	600392
limit	36	181	600404
lin	2	2	601416
linco	1	1	601440
linda	1	2	601452
lindenburg	1	1	601468
lindseth	1	2	601480
line	20	58	601496
linea	1	1	601888
lineag	2	4	601900
linear	14	45	601932
linguist	1	6	602224
liniti	1	1	602256
link	16	51	602268
linkag	4	17	602600
lip	1	5	602700
lipemia	2	2	602728
lipid	7	74	602752
lipofectamin	1	1	603104
lipoprotein	2	4	603116
liposarcoma	1	3	603148
liquefi	1	1	603168
liquid	2	6	603180
liquor	1	1	603220
liquorrhea	1	1	603232
lisa	1	1	603244
lisi	1	1	603256
lisinopril	1	1	603268
list	7	31	603280
lit	2	2	603460
liter	3	5	603484
literaci	3	23	603528
literatur	19	63	603644
lithium	1	3	604048
lithotomi	1	1	604068
liu	2	2	604080
livabl	1	1	604104
live	13	95	604116
liveborn	1	1	604600
liver	11	127	604612
ll	1	2	605208
lm	1	2	605224
ln	1	1	605240
lo	2	3	605252
load	6	7	605280
lobbi	1	1	605356
lobe	6	21	605368
lobectomi	1	1	605500
lobular	1	1	605512
local	26	100	605524
localis	5	17	606132
locat	17	59	606240
loci	1	3	606612
lock	2	12	606632
locu	3	3	606696
lodg	1	1	606732
log	3	4	606744
logarithm	1	2	606784
logic	1	1	606800
logist	6	32	606812
lognorm	1	1	606988
logoped	1	4	607000
logu	1	1	607024
loligo	1	1	607036
lone	2	3	607048
loneli	1	1	607076
long	32	173	607088
longer	11	38	608036
longev	1	2	608276
longitudin	7	23	608292
longstand	1	1	608440
look	2	5	608452
loop	4	7	608488
loos	1	1	608548
loosi	1	2	608560
lop	2	17	608576
lophotrochozoa	1	1	608660
lopressor	1	1	608672
lora	1	1	608684
lordosi	1	1	608696
lorena	1	1	608708
lorent	1	1	608720
lori	1	2	608732
lorna	1	1	608748
lose	3	4	608760
loss	23	137	608800
lost	9	10	609532
lot	4	35	609644
loud	1	1	609816
love	3	16	609828
lover	1	1	609916
low	38	244	609928
lower	34	313	611208
lowest	4	21	612732
loxapin	1	2	612848
loxapinehcl	1	2	612864
loyd	1	1	612880
loyola	1	1	612892
lozada	1	3	612904
lp	1	2	612924
lpg	1	3	612940
lsw	1	1	612960
ltc	2	2	612972
lu	1	1	612996
luan	1	1	613008
luben	1	1	613020
luber	1	1	613032
lucera	1	2	613044
luci	1	1	613060
luciferas	2	5	613072
lucki	1	2	613108
luijt	2	3	613124
luisa	1	1	613152
luiz	1	2	613164
lumbar	2	2	613180
lumber	1	1	613204
lumbosacr	1	1	613216
lumen	6	12	613228
lumin	7	17	613324
luminesc	1	1	613448
luminographi	1	1	613460
lump	2	5	613472
lunch	1	1	613508
lund	3	6	613520
lung	16	28	613568
lunghetti	1	1	613808
luqu	1	1	613820
lutein	1	1	613832
luteum	1	3	613844
lv	6	29	613864
lvef	2	5	614028
lwale	1	2	614064
ly	3	3	614080
lydia	1	1	614116
lymph	5	16	614128
lymphadenectomi	1	1	614232
lymphat	1	1	614244
lymphocyt	5	15	614256
lymphoid	2	2	614356
lymphom	1	1	614380
lymphoma	4	4	614392
lymphopoiesi	1	1	614440
lymphoprolif	1	1	614452
lymphoprolifer	1	1	614464
lymphovascular	2	8	614476
lynam	1	1	614524
lysat	2	13	614536
lyse	2	3	614604
lysi	1	1	614632
lysisbuff	1	1	614644
lz	1	1	614656
ma	6	21	614668
machin	5	5	614800
macintosh	1	1	614860
macro	5	17	614872
macroadenoma	1	39	614980
macroalbuminuria	2	13	615144
macroangiopathi	1	1	615212
macronutri	2	14	615224
macrophag	1	3	615296
macroprolactinoma	2	7	615316
macrosomatotropinoma	1	1	615360
macrovascular	2	12	615372
macular	2	15	615436
maddox	1	1	615512
made	21	66	615524
madis	1	2	615956
madison	2	2	615972
maeder	1	1	615996
maffei	1	1	616008
maga	2	7	616020
magda	1	1	616064
maggi	1	1	616076
magnet	20	47	616088
magnif	3	5	616436
magnifi	1	1	616480
magnitud	6	11	616492
magnu	1	2	616584
magzamen	1	1	616600
maharjan	1	1	616612
mahnken	1	1	616624
mail	1	2	616636
mailman	1	1	616652
main	17	35	616664
mainstai	1	1	616940
mainstream	1	1	616952
maintain	16	52	616964
mainten	5	12	617300
major	36	208	617388
mak	1	1	618508
make	28	106	618520
maker	2	6	619168
malabsorpt	3	9	619208
malais	2	2	619268
malaria	1	3	619292
malaysia	1	6	619312
malaysian	1	1	619344
male	23	69	619356
maleimid	1	1	619816
malform	3	23	619828
malign	12	63	619944
malnutrit	3	8	620292
malo	1	1	620348
maltos	2	2	620360
mama	1	2	620384
mammalian	1	1	620400
mammogram	1	1	620412
mammographi	1	2	620424
mammotrop	1	1	620440
mammotroph	1	3	620452
man	13	31	620472
manag	29	373	620700
manchest	1	1	622424
mandat	2	4	622436
mandatori	4	6	622468
mandibl	1	5	622524
mandibular	1	3	622552
maneuv	2	2	622572
mania	1	1	622596
manic	1	1	622608
manifest	21	50	622620
manipul	2	7	622988
mann	4	4	623032
manner	7	16	623080
mannitol	1	2	623200
mannos	1	1	623216
manoeuvr	1	1	623228
manova	1	1	623240
mantsio	1	3	623252
manual	3	4	623272
manufactori	1	1	623312
manufactur	4	17	623324
manuscript	15	40	623424
manya	1	2	623704
maoist	1	1	623720
map	4	36	623732
map63	1	1	623908
mara	1	2	623920
marburg	1	1	623936
marcelo	1	1	623948
march	2	5	623960
marci	1	1	623996
marcia	1	1	624008
marco	1	1	624020
marfan	1	3	624032
margaret	1	1	624052
margaurit	1	1	624064
margin	8	25	624076
marguarit	1	1	624240
mari	3	9	624252
maria	1	6	624312
marian	1	1	624344
mariann	1	1	624356
marianna	1	1	624368
marietta	1	1	624380
marijuana	1	3	624392
marilyn	1	1	624412
marin	1	3	624424
marina	2	3	624444
mario	1	1	624472
marit	1	3	624484
maritt	1	1	624504
marjolein	1	1	624516
mark	9	27	624528
markedli	6	12	624708
marker	17	70	624804
market	1	8	625220
markham	1	1	625260
marku	1	1	625272
marri	1	4	625284
marrow	1	12	625308
marsh	2	5	625364
marsha	1	1	625400
marshal	1	4	625412
mart	1	1	625436
martin	1	1	625448
martina	1	1	625460
marvi	1	2	625472
marwan	1	1	625488
marwick	1	1	625500
maryann	1	1	625512
marycatherin	1	1	625524
maryland	1	27	625536
masbirt	1	2	625652
masculin	1	1	625668
mash	1	1	625680
mask	4	5	625692
maskalyk	1	1	625744
maslow	1	1	625756
mass	17	68	625768
massachusett	1	4	626176
massag	1	1	626200
massconect	1	1	626212
massiv	5	8	626224
master	2	3	626296
mastoid	1	2	626324
match	11	32	626340
mate	1	1	626556
mater	2	2	626568
materi	19	57	626592
materialis	1	1	626972
matern	6	54	626984
materson	1	1	627248
mathemat	3	5	627260
matheson	1	2	627304
mathew	1	1	627320
mati	1	1	627332
matilda	1	1	627344
matilu	1	1	627356
matric	2	2	627368
matrilini	1	1	627392
matrilysin	1	2	627404
matrix	4	5	627420
matt	1	1	627472
mattek	1	1	627484
matteo	1	1	627496
matter	7	12	627508
matthew	1	1	627612
matur	8	27	627624
maulana	1	1	627796
mawani	1	1	627808
mawbi	1	3	627820
max	2	20	627840
maxilla	1	1	627936
maxillari	1	6	627948
maxim	11	32	627980
maximum	13	24	628196
maxin	1	1	628396
maxtrix	1	1	628408
mayfield	1	1	628420
mba	1	1	628432
mbf	1	1	628444
mbp	2	12	628456
mc	2	7	628520
mcate	1	1	628564
mcc	1	2	628576
mcclean	1	1	628592
mccollum	1	1	628604
mcconnel	1	1	628616
mccormick	1	1	628628
mcdaniel	1	1	628640
mcdermott	1	2	628652
mcdonald	1	1	628668
mcdowel	1	1	628680
mcgee	1	1	628692
mcguckin	1	1	628704
mcmaster	1	3	628716
mcp	1	2	628736
mct	1	1	628752
md	2	33	628764
md1	1	4	628912
mdct	3	7	628936
mdi	1	5	628988
mdrd	2	4	629016
me	1	1	629048
meal	2	29	629060
mean	20	47	629192
meaning	6	10	629540
meant	3	4	629628
meantim	3	3	629668
measl	1	1	629704
measur	30	352	629716
meat	2	2	631364
meatu	2	4	631388
mechan	25	109	631420
mechanoreceptor	1	1	632056
meckel	1	3	632068
med	1	2	632088
medecin	1	1	632104
medha	1	1	632116
media	7	20	632128
mediagnost	1	1	632264
medial	5	7	632276
median	16	51	632344
mediastin	2	2	632676
mediastium	1	1	632700
mediat	10	47	632712
medic	39	353	632980
medicaid	3	14	634704
medicamentosa	1	1	634784
medicar	4	13	634796
medicin	19	61	634880
medicina	1	1	635276
mediterranean	2	8	635288
medium	9	14	635336
medlin	3	3	635464
medrad	3	3	635500
meera	1	1	635536
meet	9	48	635548
megacart	1	1	635812
megacolon	1	1	635824
megakaryocyt	2	3	635836
mehta	1	2	635864
meijer	1	1	635880
melanogast	1	5	635892
melanoma	1	3	635920
melba	1	1	635940
melissa	1	4	635952
mellitu	10	43	635976
melm	1	2	636228
melros	1	1	636244
meltzer	1	15	636256
member	11	71	636324
membership	1	4	636696
membran	6	18	636720
memori	9	121	636840
men	12	117	637396
menakaya	1	1	637960
mendola	1	1	637972
mening	6	27	637984
meningoenceph	1	1	638140
menopaus	4	22	638152
mens	1	1	638272
menstrual	3	6	638284
menstruat	1	1	638332
mental	11	113	638344
menthol	1	1	638884
mention	9	13	638896
mentor	2	6	639020
mentz	1	1	639060
mep	1	6	639072
meq	1	3	639104
merg	1	1	639124
meri	1	1	639136
merit	2	12	639148
meropenem	1	1	639212
mesenchym	1	1	639224
mesenteri	1	2	639236
mesenteria	1	6	639252
mesenterialinfarct	1	1	639284
mesoglea	1	1	639296
mesorectum	1	2	639308
mesothelioma	1	1	639324
messag	2	7	639336
messer	1	1	639380
met	8	20	639392
meta	8	48	639536
metaanalysi	1	2	639792
metabol	11	40	639808
metacrawl	1	1	640056
metal	3	5	640068
metalloproteinas	2	2	640112
metamorph	1	1	640136
metaphas	1	25	640148
metaphor	1	1	640256
metastas	4	4	640268
metastasi	2	14	640316
metastat	4	18	640388
metatars	2	4	640492
metazoan	1	1	640524
meteorolog	1	3	640536
meter	4	27	640556
metformin	2	37	640696
methadon	1	13	640860
methamphetamin	1	1	640920
methanol	1	1	640932
methionin	2	2	640944
method	38	230	640968
methodolog	11	29	642192
methotrex	1	1	642396
methycellulos	1	1	642408
methyl	2	2	642420
methylcellulos	1	1	642444
methyldopa	2	2	642456
methylen	1	1	642480
metoclopramid	2	2	642492
metoprolol	1	35	642516
metr	1	2	642664
metric	1	3	642680
metronidazol	1	1	642700
metropoli	1	2	642712
metropolitan	1	9	642728
metzger	1	2	642772
mexican	1	3	642788
mexico	1	8	642808
mg	21	292	642848
mg132	1	2	644184
mgcl	1	1	644200
mgcl2	2	2	644212
mgm	1	1	644236
mh	1	18	644248
mhz	3	4	644328
mi	5	44	644368
miah	1	1	644584
mibg	1	2	644596
mic90	1	1	644612
mice	3	6	644624
michael	3	19	644672
michel	1	2	644772
michigan	1	1	644788
micro	7	21	644800
microadenoma	3	48	644940
microalbumin	2	2	645156
microalbuminuria	2	20	645180
microangiopathi	1	2	645276
microarrai	1	24	645292
microbi	1	1	645396
microbiolog	1	9	645408
microcircul	1	1	645452
microcirculatori	1	1	645464
microcosm	1	1	645476
microgram	1	3	645488
micrometastat	1	1	645508
micromicrobi	1	1	645520
micron	1	1	645532
microneuroadenoma	1	1	645544
micronuclei	1	6	645556
micronutri	2	2	645588
microparticl	1	1	645612
microphotograph	1	1	645624
micropl	1	1	645636
microprolactinoma	2	16	645648
microrna	1	8	645728
microsatelit	1	1	645768
microsatellit	1	2	645780
microscop	5	8	645796
microscopi	3	8	645868
microsomatotropinoma	1	1	645924
microspher	1	1	645936
microsurg	1	3	645948
microsurgeri	1	2	645968
microtubul	1	33	645984
microvascular	6	60	646124
microwav	1	1	646412
micu	1	1	646424
mid	11	25	646436
midazolam	3	4	646624
middl	14	27	646664
middleturbin	1	1	646884
midfaci	1	1	646896
midlif	1	3	646908
midlin	2	3	646928
midrect	1	1	646956
midst	1	1	646968
midsumm	1	1	646980
midtown	1	2	646992
midwai	1	1	647008
midzon	1	8	647020
mielicki	1	3	647060
migrain	1	1	647080
migrant	1	4	647092
migrat	7	20	647116
migratori	1	1	647252
mij	1	1	647264
mike	1	3	647276
milada	1	1	647296
milan	1	1	647308
milbrandt	1	1	647320
mild	15	29	647332
milder	2	2	647568
mildli	3	5	647592
mile	1	5	647636
milieu	1	1	647664
militari	2	2	647676
milk	2	5	647700
millan	1	2	647736
millennium	2	3	647752
miller	2	2	647780
milleri	1	1	647804
million	9	25	647816
milloi	1	1	647988
millstein	1	1	648000
milman	1	1	648012
milo	1	1	648024
milosrdnic	1	1	648036
milpita	1	1	648048
milton	1	1	648060
milwauke	2	3	648072
mimic	3	4	648100
mimick	2	2	648140
min	15	76	648164
mina	1	9	648588
minal	1	1	648632
mind	6	6	648644
mindermann	1	1	648716
mindset	1	2	648728
miner	2	6	648744
mineralocorticoid	2	2	648784
mini	2	2	648808
miniatur	1	1	648832
minim	21	65	648844
minimis	2	2	649272
minimum	6	19	649296
ministri	1	1	649420
minnesota	1	1	649432
mino	1	1	649444
minor	15	41	649456
minski	1	1	649740
minu	1	1	649752
minut	18	44	649764
minya	1	1	650084
mir	1	6	650096
mirai	1	1	650128
mirna	1	20	650140
mirror	1	1	650228
misalign	1	2	650240
miscarriag	2	5	650256
misclassif	1	1	650292
misclassifi	1	2	650304
misconcept	1	4	650320
misdiagnos	8	14	650344
misdiagnosi	3	5	650464
miseri	1	1	650508
mishra	1	1	650520
misinterpret	4	5	650532
mislead	2	2	650584
mismanag	1	1	650608
mismatch	1	1	650620
misnom	1	1	650632
miss	12	28	650644
missegreg	1	8	650852
mission	1	1	650892
mississippi	1	1	650904
mistaken	1	1	650916
misunderstand	1	1	650928
mitchel	1	1	650940
mitig	2	5	650952
mitochondri	1	1	650988
mitosi	1	15	651000
mitot	1	35	651068
mitral	4	20	651216
miu	2	19	651328
mix	13	45	651420
mixtur	4	4	651704
mj	1	1	651752
mk	1	1	651764
ml	22	98	651776
mlaep	1	2	652344
mln	1	1	652360
mlpa	1	7	652372
mm	23	109	652408
mmhg	7	93	653028
mml	1	2	653456
mmn	1	14	653472
mmol	6	105	653536
mmp	1	8	654004
mmt	1	2	654044
mn	2	2	654060
mnt	2	44	654084
mo	4	5	654276
moayad	1	1	654328
mobil	6	47	654340
mobilis	1	1	654576
modal	12	27	654588
mode	4	14	654792
model	19	297	654880
modelgroup	1	2	656220
moder	18	64	656236
modern	7	9	656636
modest	6	19	656728
modestli	2	8	656852
modic	1	1	656900
modif	5	27	656912
modifi	10	27	657060
modul	5	13	657248
moe	1	1	657340
moh	1	1	657352
mohajir	1	1	657364
moham	2	2	657376
mohammad	2	4	657400
mohattig	1	1	657432
moineddin	1	2	657444
mokhtar	1	1	657460
mol	1	1	657472
mold	2	2	657484
molecul	6	27	657508
molecular	14	36	657664
molest	1	8	657920
molina	1	1	657960
moll	1	1	657972
mom	1	2	657984
moment	3	3	658000
momentari	1	5	658036
momjian	1	1	658064
mona	1	1	658076
mondillo	1	1	658088
monei	1	1	658100
monica	1	1	658112
monika	2	2	658124
monitor	17	142	658148
mono	1	6	658852
monoallel	1	1	658884
monoclon	6	11	658896
monocyt	3	6	658988
monofila	2	12	659036
monogen	2	10	659100
monolay	1	1	659156
monomicrobi	1	1	659168
monomorph	1	6	659180
mononuclear	1	5	659212
monoparent	1	1	659240
monopolar	1	2	659252
monosodium	1	1	659268
monotherapi	3	6	659280
monro	1	1	659328
montan	1	2	659340
montero	1	1	659356
month	38	212	659368
monthli	4	9	660520
mood	3	6	660588
moral	1	1	660636
morbid	14	50	660648
morbimort	1	1	660960
moreira	1	1	660972
morenikeji	1	1	660984
moreno	1	1	660996
morgan	1	1	661008
morin	1	1	661020
morn	10	13	661032
morphin	1	1	661164
morphogenesi	1	2	661176
morpholog	6	39	661192
morri	1	1	661396
mors	1	1	661408
mortal	23	225	661420
morteza	1	1	662504
moscow	1	4	662516
mose	1	1	662540
mosm	1	2	662552
mothabbir	1	1	662568
mother	11	44	662580
motherhood	1	1	662844
motif	1	4	662856
motil	1	1	662880
motion	6	14	662892
motionless	1	1	662996
motiv	5	13	663008
motojima	1	1	663100
motor	13	40	663112
motorbik	1	1	663376
motorwai	1	1	663388
mount	5	11	663400
mountain	1	1	663484
mous	2	7	663496
mouth	2	2	663540
movabl	1	1	663564
move	7	27	663576
movement	13	18	663740
movi	1	1	663916
mowiol	1	1	663928
mpa	1	7	663940
mpb	1	2	663976
mph	2	44	663992
mphm	1	1	664184
mpi	1	1	664196
mpm	1	2	664208
mpp	1	1	664224
mpw	1	1	664236
mr	7	46	664248
mra	2	5	664488
mrc	1	1	664524
mrhc	1	6	664536
mri	13	91	664568
mrna	4	14	665036
ms	6	59	665124
msc	1	2	665408
msha	1	1	665424
msn	1	3	665436
msv	1	7	665456
msw	1	8	665492
mt	1	1	665532
mu	4	7	665544
mucin	2	9	665604
muckl	1	1	665656
mucoid	1	2	665668
mucos	5	27	665684
mucosa	5	19	665832
mucou	2	2	665948
mucovisc	1	1	665972
mucu	2	6	665984
mudeg	1	1	666024
muehl	1	1	666036
muhajarin	1	2	666048
muk	1	1	666064
mullend	1	1	666076
multi	5	19	666088
multicellular	1	1	666204
multicent	5	7	666216
multicentr	1	1	666284
multidetector	3	6	666296
multidimension	1	1	666344
multidirect	1	1	666356
multidisciplinari	4	30	666368
multidrug	2	4	666520
multiethn	2	2	666552
multifacet	2	3	666576
multifactori	5	8	666604
multifoc	1	1	666676
multilabel	1	1	666688
multilevel	1	12	666700
multilocul	1	1	666756
multilocular	1	2	666768
multimod	1	2	666784
multin	2	4	666800
multinomi	1	1	666832
multipl	27	118	666844
multiplanar	1	2	667532
multiplex	1	3	667548
multipli	2	3	667568
multipurpos	1	1	667596
multislic	1	1	667608
multistag	1	1	667620
multistep	1	2	667632
multisystem	2	2	667648
multitrauma	1	1	667672
multivari	5	22	667684
mummi	1	2	667812
mump	1	1	667828
munakata	1	1	667840
munemitsu	1	1	667852
municip	1	10	667864
munodawafa	1	2	667912
murin	2	2	667928
murmur	1	1	667952
murrai	1	1	667964
murthi	1	1	667976
muscarin	1	1	667988
muscl	10	47	668000
muscular	5	23	668268
musculari	1	3	668400
musculoskelet	3	8	668420
musculu	1	1	668476
musiol	1	3	668488
mustafa	1	1	668508
mutant	4	10	668520
mutat	9	146	668592
mutil	1	1	669248
mutual	1	1	669260
mutyh	1	3	669272
muvara	1	1	669292
mw	1	1	669304
mwau	1	1	669316
mwg	1	1	669328
mya	1	3	669340
myasthenia	1	1	669360
myc	2	9	669372
mycobacterium	2	3	669424
mycolog	1	1	669452
mycoplasma	1	1	669464
myelin	1	5	669476
myeloid	1	4	669504
myeloma	1	1	669528
myocardi	13	159	669540
myocardium	2	29	670280
myoclonu	1	1	670412
myogen	1	1	670424
myoneuron	1	1	670436
myopath	1	1	670448
myopathi	1	4	670460
myositi	2	2	670484
myoton	1	7	670508
myotonia	1	1	670544
myoxma	1	1	670556
myriad	2	2	670568
mysql	1	1	670592
myxoid	1	3	670604
myxoma	1	14	670624
n100	1	5	670688
n400	1	7	670716
na	7	15	670752
nabavi	1	1	670868
nabel	1	1	670880
nacl	1	1	670892
nadia	1	1	670904
nadir	1	3	670916
naga	1	4	670936
nagel	1	1	670960
naghavi	1	1	670972
naha	1	1	670984
nail	2	2	670996
nairobi	1	14	671020
nam	1	1	671084
name	6	7	671096
nanci	1	1	671172
nanda	1	1	671184
nandakumar	1	1	671196
nandalur	1	1	671208
nandi	1	2	671220
narimah	1	1	671236
narr	2	2	671248
narrat	1	3	671272
narrow	10	18	671292
narrowcast	1	1	671444
nasal	3	40	671456
naseem	1	1	671640
naser	1	1	671652
naso	1	4	671664
nasogastr	2	5	671688
nasti	1	1	671724
natal	1	1	671736
natali	1	1	671748
nathaniel	1	1	671760
nation	8	109	671772
nationwid	2	6	672272
nativ	6	15	672312
natur	24	65	672420
nausea	3	4	672872
nave	1	1	672912
navig	5	10	672924
nazeem	1	1	673004
nazrul	1	1	673016
nbt	1	1	673028
nc	4	10	673040
ncbi	1	2	673112
nci	1	3	673128
ncse	1	12	673148
ndep	2	6	673204
nearbi	1	2	673244
nearest	2	4	673260
neb	2	7	673292
necess	3	7	673336
necessarili	9	11	673388
necessit	4	6	673504
neck	8	18	673560
necrosi	4	7	673696
necrot	2	7	673756
need	24	93	673800
needi	1	1	674364
neediest	1	2	674376
needl	4	14	674392
needless	1	1	674480
nefadar	1	1	674492
nefazodon	1	1	674504
neg	33	114	674516
neglect	4	7	675236
neglig	1	1	675296
negoti	1	5	675308
negri	1	1	675336
neighbor	2	2	675348
neighborhod	1	1	675372
neighborhood	1	184	675384
neighbour	1	1	676128
neighbourhood	2	63	676140
nelli	1	1	676408
nematostella	1	6	676420
neonat	4	13	676452
neonatolog	1	1	676536
neoplasm	2	2	676548
neoplast	2	2	676572
neovascular	3	4	676596
nep	1	8	676636
nepal	1	8	676676
nephelometri	1	1	676716
nephriti	1	1	676728
nephroli	1	1	676740
nephrolith	1	1	676752
nephrolithiasi	1	8	676764
nephrolog	2	2	676804
nephrologist	2	4	676828
nephropathi	3	52	676860
nephrot	2	2	677092
nephrotox	1	1	677116
nergic	1	1	677128
nerv	10	19	677140
nervou	9	13	677296
nest	3	4	677420
nesto	1	1	677460
net	3	5	677472
netherland	3	4	677516
netsayi	1	1	677556
netti	1	1	677568
network	5	34	677580
neuhub	1	1	677756
neumann	1	1	677768
neural	3	7	677780
neuro	1	4	677832
neurocognit	3	5	677856
neurodegen	1	1	677900
neuroendocrinolog	1	1	677912
neurogastroenterolog	1	1	677924
neurogen	2	2	677936
neuroimag	3	9	677960
neuroinflamm	1	1	678020
neurolept	1	1	678032
neurolog	14	55	678044
neurologist	2	8	678376
neuromuscular	3	50	678424
neuron	7	15	678648
neuropath	2	8	678764
neuropathi	4	97	678812
neuroprotect	1	1	679232
neuropsychiatr	1	1	679244
neuropsycholog	1	1	679256
neuroradiolog	1	1	679268
neuroradiologist	1	1	679280
neurosci	2	2	679292
neurosurgeon	1	3	679316
neurosurgeri	3	3	679336
neurotic	1	2	679372
neurotox	2	2	679388
neurotransmiss	1	1	679412
neurotransmitt	1	5	679424
neurotrauma	1	1	679452
neurotroph	1	1	679464
neurovascular	5	22	679476
neutral	2	2	679604
neutropenia	1	4	679628
neutrophil	5	9	679652
neutrophilia	1	2	679728
new	2	2	679744
newark	1	6	679768
newborn	2	5	679800
newburi	1	1	679836
newer	4	6	679848
newli	7	22	679904
newport	1	7	680048
nf	1	1	680084
ng	13	53	680096
ngo	1	3	680412
ngsp	2	5	680432
nguku	1	1	680468
nhane	2	6	680480
nheerl	1	1	680520
nhi	2	21	680532
nhii	1	1	680632
nhlbi	2	2	680644
niacin	2	12	680668
nica	1	1	680732
nice	3	8	680744
nick	1	2	680800
nicol	1	1	680816
nicola	1	3	680828
nicotin	2	4	680848
nida	1	11	680880
niddk	1	1	680932
niedermey	1	3	680944
nielson	1	1	680964
nierop	1	2	680976
nigeria	2	8	680992
nigerian	1	7	681040
night	11	14	681076
nightli	1	1	681220
nightmar	1	3	681232
nighttim	1	1	681252
nigrican	2	8	681264
nih	3	10	681312
niigata	1	1	681376
niklasson	1	1	681388
nikola	1	1	681400
nilsson	1	1	681412
nina	1	1	681424
nineteen	1	1	681436
nineti	4	6	681448
nirajan	1	1	681504
nisenbaum	1	1	681516
niti	1	1	681528
nitrat	3	3	681540
nitric	2	3	681576
nitro	1	1	681604
nitrogen	2	3	681616
nitroglycerin	2	3	681644
nj	3	3	681672
nk	2	3	681708
nkdep	2	2	681736
nm	2	7	681760
nmol	2	13	681804
nmr	1	5	681872
nnabuchi	1	1	681900
nno	1	1	681912
no	1	1	681924
nocodazol	1	8	681936
nocturn	2	4	681976
nod	1	2	682008
nodal	1	2	682024
node	5	16	682040
nodul	2	5	682144
nois	3	6	682180
noisi	2	3	682228
nomenclatur	1	1	682256
nomin	1	1	682268
nonacut	1	1	682280
nonalcohol	2	2	682292
noncardiac	1	1	682316
noncoapt	1	1	682328
noncod	2	2	682340
noncommunic	1	1	682364
noncompli	1	1	682376
nonconvuls	1	2	682388
noncrit	1	4	682404
nondeliri	1	1	682428
nondiabet	3	22	682440
nondiagnost	1	1	682552
nonetheless	7	9	682564
nonexperiment	2	2	682656
nonfat	3	26	682680
nonfunct	1	17	682808
nonhuman	1	1	682884
nonhypertens	2	2	682896
nonidet	1	2	682920
noninsulin	2	17	682936
nonintens	1	1	683020
noninvas	10	21	683032
nonion	1	1	683196
nonischem	1	1	683208
nonketot	2	4	683220
nonlift	1	33	683252
nonmobil	1	1	683392
nonmodifi	1	1	683404
nonobes	3	5	683416
nonocclus	1	2	683460
nonoptim	2	4	683476
nonparametr	1	1	683508
nonphagocytos	1	1	683520
nonpharmacolog	2	6	683532
nonpregn	2	11	683572
nonprofit	1	1	683632
nonprolif	1	1	683644
nonradi	1	1	683656
nonrandom	3	4	683668
nonren	2	2	683708
nonrespond	1	1	683732
nonselect	1	1	683744
nonsens	2	4	683756
nonsignific	1	1	683788
nonsignificantli	3	5	683800
nonspecif	1	1	683844
nonspin	2	2	683856
nonsurvivor	1	1	683880
nonus	2	2	683892
nonvascular	1	1	683916
noori	1	1	683928
nora	1	1	683940
noradrenalin	1	1	683952
noradrenerg	1	1	683964
norberg	1	2	683976
norella	1	1	683992
norepinephrin	1	1	684004
norgestrel	1	1	684016
nori	1	1	684028
norm	3	10	684040
norma	1	1	684104
normal	40	267	684116
normalci	1	1	685504
normalis	2	3	685516
norman	1	1	685544
normetanephrin	1	4	685556
normoalbuminuria	2	2	685580
normoglycaemia	1	1	685604
normoglycem	1	2	685616
normoglycemia	2	6	685632
normoprolactinem	1	1	685672
normotens	2	2	685684
normothermia	1	2	685708
normvolem	1	1	685724
norprolac	1	1	685736
north	6	8	685748
northwest	1	2	685828
norwai	1	2	685844
norwegian	1	3	685860
nose	3	4	685880
nosocomi	3	5	685920
nostril	1	2	685964
notabl	5	5	685980
notch	1	1	686040
note	22	50	686052
notic	4	4	686428
notion	6	9	686476
nourish	1	1	686560
nov	2	2	686572
novelti	1	1	686596
novemb	2	7	686608
novo	1	6	686652
npdr	2	8	686684
npo	1	1	686732
npsp	1	1	686744
npu	1	2	686756
nqmi	1	4	686772
ns	2	8	686796
nsap	1	9	686844
nsce	1	1	686888
nse	1	7	686900
nsn	1	3	686936
nsp	1	6	686956
nt	1	2	686988
ntaio	1	1	687004
ntp	1	2	687016
ntuh	1	23	687032
nuclear	6	61	687132
nucleat	1	4	687424
nuclei	2	3	687448
nucleolin	1	4	687476
nucleotid	3	10	687500
nucleu	2	3	687564
nud	1	2	687592
nueva	1	4	687608
nuguri	1	1	687632
nuhdss	1	3	687644
null	2	2	687664
nullipar	1	1	687688
numb	2	4	687700
number	36	203	687732
numer	8	24	688832
numeraci	2	4	688992
nurs	10	63	689024
nurtur	1	2	689356
nussloch	1	1	689372
nut	1	1	689384
nutrient	2	2	689396
nutrit	7	81	689420
nutriti	1	1	689800
nv	1	7	689812
nv18	1	1	689848
nvgapdh	1	7	689860
nvgapdhsi	1	2	689896
nvp63	1	100	689912
nvp63si	1	3	690320
nvp63si1	1	1	690340
nvpec53	1	10	690352
nvpvs53	1	13	690400
nvr	1	26	690460
nvvasa	1	10	690572
nvvasa1	1	11	690620
nvvasa2	1	9	690672
nwaoha	1	1	690716
nxy	1	1	690728
ny	1	2	690740
nyayiemi	1	1	690756
nyc	1	7	690768
nyha	1	5	690804
nyovani	1	2	690832
oae	1	1	690848
oakland	1	6	690860
oat	2	2	690892
oberhoff	1	3	690916
obes	5	72	690936
object	13	66	691264
obliqu	1	3	691632
obscur	2	2	691652
observ	30	177	691676
obstacl	1	2	692624
obstetr	5	10	692640
obstetrician	1	1	692720
obstruct	15	98	692732
obtain	38	99	693244
obtund	1	1	693944
obtus	1	2	693956
obviat	1	1	693972
obviou	8	12	693984
occas	4	4	694096
occasion	5	12	694144
occlud	1	21	694232
occlus	7	35	694324
occult	2	12	694520
occup	5	23	694584
occupi	4	5	694716
occur	40	184	694768
occurr	14	30	695824
oct	1	2	696056
oct2012	1	1	696072
octob	4	6	696084
octopu	1	1	696140
octreotid	4	11	696152
ocurr	1	1	696228
od	1	5	696240
oda	1	4	696268
odbal	1	1	696292
odd	7	44	696304
oddbal	1	1	696536
odewunmi	1	1	696548
odom	1	1	696560
oedema	2	4	696572
oestradiol	1	1	696604
of10	1	1	696616
off	1	1	696628
offend	2	2	696640
offer	15	44	696664
offic	5	25	696960
offici	2	15	697100
offset	2	4	697176
offspr	3	4	697208
ofhhhad	1	1	697248
ofloxacin	1	1	697260
oft	1	1	697272
ogollah	1	1	697284
ogtt	3	27	697296
ogunaik	1	1	697428
oi	1	1	697440
oil	2	2	697452
okonkwo	1	1	697476
ol	1	1	697488
olanzapin	1	3	697500
olaolorun	1	1	697520
old	1	2	697532
older	11	107	697548
oldest	1	1	698064
oldham	1	1	698076
oleg	1	2	698088
oligofectamin	1	2	698104
oligomer	1	3	698120
oligonucleotid	3	10	698140
oliv	3	4	698204
oliveira	1	1	698244
olmesartan	2	2	698256
olschwang	1	1	698280
olt	1	1	698292
olufunmi	1	1	698304
oluwaseun	1	1	698316
olympu	2	3	698328
om	1	1	698356
omatotropinoma	1	1	698368
omc	1	1	698380
omer	1	1	698392
omili	1	1	698404
omim	1	1	698416
omnipaqu	2	2	698428
omniscan	1	1	698452
ompad	1	4	698464
omron	1	1	698488
oncogen	1	1	698500
oncolog	2	2	698512
ongo	8	46	698536
onion	1	1	698784
onlin	4	19	698796
onofrj	1	2	698904
onset	21	89	698920
ontario	1	5	699444
oocyt	1	2	699472
ook	1	1	699488
oophorectomi	1	1	699500
opac	1	1	699512
opacif	1	1	699524
open	14	44	699536
openlab	1	1	699824
openli	1	1	699836
oper	20	94	699848
operation	1	1	700384
operon	1	1	700396
ophthalmolog	2	2	700408
ophthalmologist	3	13	700432
opiat	3	3	700508
opinion	7	27	700544
opioid	1	1	700708
opportun	5	25	700720
oppos	5	7	700860
opposit	3	4	700928
opt	3	6	700968
optic	2	3	701016
optim	18	95	701044
optimem	1	1	701568
optimis	1	6	701580
optimum	1	2	701612
option	17	41	701628
optometrist	2	8	701928
ora	1	1	701976
oral	14	68	701988
orang	1	1	702372
orbit	1	1	702384
orbita	1	1	702396
order	21	79	702408
orderli	1	1	702892
ordin	1	1	702904
org	3	13	702916
organ	12	64	702992
organel	1	1	703344
organis	1	1	703356
organiz	1	5	703368
orient	9	21	703396
orific	1	3	703552
origin	25	52	703572
orlistat	2	2	703980
orofaci	1	1	704004
oropharyng	1	1	704016
oropharynx	1	1	704028
orotrach	1	1	704040
orphan	1	1	704052
orthopaed	1	1	704064
orthoped	4	14	704076
orthopnea	1	1	704164
orthos	1	12	704176
orthosi	1	1	704232
orthostasi	2	2	704244
orthostat	2	4	704268
orthot	1	1	704300
os	1	1	704312
osbert	1	1	704324
osmolar	1	3	704336
osteoarthr	1	1	704356
osteoarthropathi	1	6	704368
osteobast	1	1	704400
osteoblast	1	1	704412
osteoma	1	2	704424
osteomeat	1	1	704440
osteomyel	1	1	704452
osteopenia	1	1	704464
osteoporosi	4	6	704476
ostium	1	2	704532
ot	1	1	704548
otai	1	1	704560
otc	1	2	704572
otdzt	1	3	704588
otit	1	1	704608
otiti	1	3	704620
oto	1	2	704640
otolaryngolog	1	1	704656
ottawa	1	14	704668
outbreak	2	4	704732
outcom	31	305	704764
outdoor	1	2	706232
outer	2	3	706248
outermost	1	1	706276
outlet	1	7	706288
outlier	1	1	706324
outlin	4	11	706336
outlook	3	3	706412
outpati	10	39	706448
output	1	1	706684
outreach	1	15	706696
outset	2	2	706764
outsid	1	1	706788
outspoken	1	1	706800
outweigh	5	10	706812
oval	1	2	706892
ovar	2	6	706908
ovari	4	11	706948
ovarian	6	20	707024
overadmiss	1	2	707152
overadmit	1	2	707168
overarch	1	1	707184
overburden	1	1	707196
overcom	5	10	707208
overdos	1	3	707288
overestim	1	2	707308
overexpress	2	2	707324
overfit	1	4	707348
overgrowth	1	1	707372
overhang	1	1	707384
overlai	1	1	707396
overlap	7	10	707408
overli	3	3	707504
overlook	2	2	707540
overnight	6	9	707564
overproduct	1	1	707648
overseen	2	4	707660
overstretch	1	1	707692
overt	4	21	707704
overtr	1	1	707820
overview	2	5	707832
overweight	4	22	707868
overwhelm	1	1	707988
overwhelmingli	2	2	708000
ovidio	1	1	708024
ovul	2	2	708036
ovular	1	1	708060
ovulatori	1	1	708072
ow	3	6	708084
owen	1	1	708132
own	1	1	708144
owner	1	2	708156
ownership	1	5	708172
ox	1	1	708200
oxford	2	2	708212
oxid	5	11	708236
oxidas	1	1	708320
oxon	1	1	708332
oxygen	8	11	708344
oz	1	1	708452
ozon	1	1	708464
ozor	1	1	708476
ozyilkan	1	1	708488
p043	1	1	708500
p21	1	1	708512
p300	1	9	708524
p40	1	1	708568
p53	2	80	708580
p53re	1	1	708916
p63	1	19	708928
p73	1	7	709012
pa	7	34	709048
pace	2	3	709240
pacemak	1	1	709268
pacif	4	6	709280
pack	5	6	709336
packag	2	5	709400
packer	1	1	709436
pad	2	20	709448
paediatr	1	1	709544
page	2	2	709556
pagesi	1	1	709580
pah	1	2	709592
paho	1	4	709608
pai	2	4	709632
paid	5	10	709664
paig	1	1	709744
pain	27	166	709756
painless	2	2	710636
paint	2	4	710660
pair	8	16	710692
pakistan	1	4	710820
pal	1	1	710844
palat	3	9	710856
palatin	1	1	710916
pale	1	1	710928
palepu	1	1	710940
palli	1	1	710952
palmit	1	4	710964
palo	1	1	710988
palpabl	4	5	711000
palpat	4	8	711052
palpit	1	1	711116
palsi	4	9	711128
pamela	1	2	711196
pan	1	1	711212
pancrea	2	6	711224
pancreat	4	7	711264
pancreatobiliari	1	1	711324
panda	1	1	711336
pandem	1	3	711348
panel	4	20	711368
panic	3	8	711480
panick	1	1	711536
pankow	1	1	711548
panoram	2	2	711560
panretin	2	4	711584
pant	1	2	711616
paolo	1	1	711632
pap	2	14	711644
papagrigoriadi	1	1	711716
paper	17	71	711728
paperwork	1	1	712148
papillari	2	2	712160
papilloedema	1	1	712184
para	1	1	712196
paracetamol	1	1	712208
paradigm	4	5	712220
paradisi	1	1	712272
paradox	2	3	712284
paraesthesia	1	1	712312
paraffin	1	3	712324
paraformaldehyd	1	1	712344
paraganglioma	1	17	712356
parahippocamp	1	1	712432
parallel	10	17	712444
paralog	1	4	712592
paralysi	2	2	712616
paramed	2	5	712640
paramet	15	25	712676
parametr	2	3	712896
paramount	2	2	712924
paranas	1	4	712948
paraneoplast	1	1	712972
paranoid	2	3	712984
paraphernalia	1	1	713012
parasit	2	8	713024
parastern	1	1	713072
parasthesia	1	1	713084
parathyroid	2	4	713096
parenchyma	2	2	713128
pareneter	1	1	713152
parent	7	58	713164
parenteau	1	2	713452
parenter	4	8	713468
parenthes	1	2	713532
pari	1	3	713548
pariet	1	1	713568
parikh	1	1	713580
parish	1	2	713592
parisian	1	2	713608
pariti	1	5	713624
park	3	8	713652
parker	1	2	713708
parkinson	2	2	713724
parmar	1	1	713748
paroxetin	1	1	713760
paroxysm	3	4	713772
pars	1	1	713812
parson	1	1	713824
part	24	87	713836
partcipatori	1	1	714376
partha	1	3	714388
partho	1	1	714408
parti	3	6	714420
partial	17	29	714468
particip	14	200	714720
participatori	1	13	715632
particl	2	3	715692
partli	6	6	715720
partner	4	44	715792
partnership	1	19	716000
partum	1	3	716084
pass	8	31	716104
passag	3	8	716292
passer	1	1	716348
passiv	2	7	716360
passman	1	1	716404
past	20	62	716416
patch	1	1	716824
patchi	1	1	716836
patel	1	1	716848
patellar	2	2	716860
patenc	3	3	716884
patent	3	4	716920
patern	2	4	716960
pathi	1	1	716992
pathogen	7	18	717004
pathogenesi	4	14	717132
pathogenet	2	2	717220
pathohistolog	1	1	717244
patholog	19	40	717256
pathophisiolog	1	1	717568
pathophysiolog	10	13	717580
pathwai	13	39	717712
patient	52	2818	717972
patierno	1	1	729660
patricia	1	5	729672
patrick	1	1	729700
pattern	16	79	729712
patterson	1	2	730156
patwari	1	1	730172
pauciti	3	3	730184
paul	2	2	730220
paulin	1	1	730244
payer	2	8	730256
payor	1	1	730304
pb	1	1	730316
pbmc	1	1	730328
pbsc	1	11	730340
pbst	1	2	730392
pc	2	3	730408
pca	1	1	730436
pcdna3	1	2	730448
pcf	1	1	730464
pci	1	1	730476
pcl	1	1	730488
pcmc	1	2	730500
pco	1	4	730516
pcp	1	9	730540
pcr	5	26	730584
pda	1	6	730728
pdgf	1	1	730760
pdp	1	2	730772
pdr	2	17	730788
pe	3	25	730872
peak	15	33	730996
pearson	4	7	731248
pectasid	1	4	731308
pectori	2	11	731332
peculiar	3	4	731392
ped	2	2	731432
pedagog	1	1	731456
pedagogi	1	1	731468
pedal	2	6	731480
pedersen	1	1	731520
pedestrian	1	1	731532
pedi	2	2	731544
pediatr	5	38	731568
pediatrician	3	3	731760
pedicl	1	2	731796
pedigre	1	6	731812
peduncul	2	2	731844
peer	3	9	731868
peet	1	24	731928
peg	1	4	732032
pehka	1	1	732056
pelek	1	1	732068
pellet	1	3	732080
pelvi	3	6	732100
pelvic	5	13	732148
pen	2	5	732240
pend	2	5	732276
penetr	4	4	732312
penicillin	1	3	732360
penil	2	2	732380
pennsylvania	1	3	732404
pension	1	2	732424
peopl	16	216	732440
pepper	2	2	733432
peptic	1	6	733456
peptid	3	7	733488
peptidas	1	1	733540
peptostreptococcu	1	1	733552
perceiv	3	17	733564
percent	8	52	733656
percentag	11	35	733928
percentil	4	12	734156
percept	5	42	734236
perceptu	1	3	734444
percutan	4	25	734464
perf	1	2	734596
perfect	4	7	734612
perfectli	1	1	734672
perfor	4	15	734684
perform	43	326	734776
perfus	8	137	736424
peri	4	7	737036
periarteri	1	1	737096
periconcept	1	21	737108
peridol	1	1	737200
perimet	1	1	737212
perin	1	3	737224
perinat	2	2	737244
perindopril	2	4	737268
perineur	1	2	737300
perinod	1	1	737316
period	28	107	737328
periodont	2	10	737980
periop	1	2	738036
periost	1	1	738052
periosteum	1	1	738064
periostosi	1	1	738076
peripher	9	38	738088
peripheri	1	1	738312
perirect	1	2	738324
periton	5	5	738340
peritoneum	1	3	738400
periumbl	1	1	738420
perivascular	1	1	738432
periven	1	2	738444
periventricular	1	1	738460
perkin	1	2	738472
perman	6	15	738488
permanent	1	1	738596
permata	1	1	738608
permeabilis	1	1	738620
permeabl	2	2	738632
permeat	1	1	738656
permiss	2	2	738668
permit	4	6	738692
permut	1	2	738748
peror	1	2	738764
peroxid	1	1	738780
peroxidas	3	3	738792
perpetr	1	8	738828
perpetu	1	1	738868
perquisit	1	1	738880
persand	1	1	738892
persecut	1	1	738904
persist	19	54	738916
person	10	120	739284
personnel	3	9	739844
perspect	4	10	739904
pertain	3	4	739976
perturb	3	3	740016
pervad	1	1	740052
pervas	2	2	740064
pescovitz	1	1	740088
pest	1	6	740100
pesticid	1	3	740132
pet	3	7	740152
petal	1	1	740204
petct	1	1	740216
peter	4	6	740228
petersburg	1	2	740284
peterson	1	1	740300
pethidin	1	1	740312
petra	1	1	740324
petri	2	2	740336
petroleum	1	1	740360
petrou	1	1	740372
pf1	1	2	740384
pfge	1	1	740400
pfizer	1	2	740412
pg	4	15	740428
pg0	1	4	740520
pgl3	1	1	740544
ph	5	8	740556
phagocyt	3	6	740628
phagocytos	1	1	740676
phagocytosi	1	2	740688
pharmaceut	3	3	740704
pharmaci	1	1	740740
pharmacia	2	2	740752
pharmacist	3	5	740776
pharmacokinet	1	1	740820
pharmacolog	9	52	740832
pharmacotherapi	2	7	741112
pharyng	1	6	741156
pharynx	1	3	741188
phase	19	68	741208
phasic	1	1	741632
phd	1	85	741644
phe994x	1	1	741992
phenobarbit	1	1	742004
phenoid	1	1	742016
phenomena	5	5	742028
phenomenolog	1	4	742088
phenomenon	6	8	742112
phenotyp	6	65	742192
phenytoin	1	1	742500
pheochromocytoma	2	2	742512
phiit	1	1	742536
philadelphia	1	5	742548
philbin	1	1	742576
philcat	1	1	742588
philip	3	4	742600
philipp	1	1	742640
philippin	1	6	742652
philosoph	1	1	742684
philosophi	1	1	742696
phobia	1	2	742708
phoenix	1	1	742724
phone	2	10	742736
phonophobia	1	1	742792
phosphat	2	2	742804
phosphatas	2	3	742828
phospho	1	5	742856
phosphodiesteras	2	2	742884
phosphoenolpyruv	1	1	742908
phosphoimag	1	1	742920
phosphokinas	1	1	742932
phospholipid	1	2	742944
phosphoru	2	4	742960
phosphoryl	3	27	742992
phosphorylat	1	1	743124
phosphotransferas	1	1	743136
photo	2	4	743148
photocoagul	2	17	743180
photograph	6	8	743264
photographi	2	4	743344
photometr	1	1	743376
photomicrograph	1	1	743388
photon	3	3	743400
photophobia	2	2	743436
photoshop	1	1	743460
photosynthet	1	1	743472
photovoic	1	1	743484
php	1	1	743496
phq	1	1	743508
phyla	1	1	743520
phylip	1	2	743532
phylogenet	2	8	743548
phylogeni	1	2	743596
phylum	1	2	743612
physic	22	197	743628
physicalexamin	1	1	744592
physician	20	63	744604
physio	1	1	745016
physiolog	11	25	745028
physiotherapi	1	1	745216
physiotherapist	1	2	745228
phytoplankton	1	1	745244
pi	1	1	745256
pick	2	2	745268
pictori	1	1	745292
pictur	7	9	745304
picu	1	2	745396
pid	2	5	745412
piec	2	7	745448
piecem	1	10	745492
pierli	1	1	745540
pierotti	1	1	745552
pierr	1	1	745564
pigment	1	1	745576
pigtail	1	1	745588
pilgrim	1	4	745600
pillow	1	1	745624
pilocarpin	1	1	745636
pilot	6	31	745648
pilz	1	1	745820
pimpri	1	2	745832
ping	2	2	745848
pinho	1	2	745872
pino	1	1	745888
pinprick	2	6	745900
pipe	2	2	745940
piperacillin	1	2	745964
pit	1	1	745980
pitch	2	5	745992
pitfal	1	1	746028
pitteloud	1	1	746040
pittsburgh	2	5	746052
pituicyt	1	1	746088
pituitari	4	97	746100
pivot	3	4	746520
pixel	2	5	746560
pixilair	1	1	746596
pj	1	1	746608
pla	1	17	746620
place	15	38	746696
placebo	5	23	746968
placement	6	34	747100
plagu	1	1	747284
plai	19	40	747296
plain	5	6	747608
plan	12	129	747672
planar	1	1	748284
plane	1	2	748296
planet	1	1	748312
planner	3	3	748324
plant	2	6	748360
plantar	2	4	748400
plaqu	2	44	748432
plasma	7	61	748624
plasmacytoid	1	1	748924
plasmid	1	8	748936
plasminogen	1	2	748976
plastica	1	1	748992
plate	3	8	749004
plateau	1	1	749060
platelet	8	24	749072
platform	2	2	749232
plausibl	5	5	749256
plavix	1	2	749316
plawski	1	1	749332
player	1	1	749344
pleas	1	1	749356
pleasant	1	2	749368
pleocytosi	1	1	749384
pleomorph	1	3	749396
plethora	2	2	749416
pleural	4	5	749440
pleuropulmonari	1	1	749492
plexu	2	2	749504
plo	3	3	749528
plot	1	10	749564
plung	1	1	749612
plural	1	1	749624
pluri	1	2	749636
plurimorph	1	3	749652
pluripot	1	1	749672
plwh	1	1	749684
pm	3	4	749696
pmol	4	6	749736
pmp	1	5	749792
pnd	1	2	749820
pneumobilia	1	2	749836
pneumococc	2	8	749852
pneumon	2	3	749900
pneumonia	7	60	749928
pneumothorax	1	1	750224
pnmr	1	6	750236
pnrp	1	3	750268
po	1	1	750288
poc	2	17	750300
podiatrist	2	2	750384
poetri	1	1	750408
pogorzelska	1	1	750420
point	23	94	750432
poison	2	2	750992
poisson	1	4	751016
polar	2	2	751040
polderman	1	1	751064
pole	2	33	751076
poli	1	2	751224
polic	2	15	751240
polici	6	71	751316
policymak	1	3	751648
polit	2	10	751668
politician	1	1	751724
pollini	1	2	751736
pollut	1	3	751752
polsker	1	1	751772
polyacrylamid	3	6	751784
polyadenyl	1	2	751832
polychromat	1	1	751848
polyclon	2	6	751860
polycycl	1	1	751900
polycyst	3	7	751912
polycythemia	1	1	751964
polydipsia	1	10	751976
polyen	1	1	752024
polyethylen	1	1	752036
polygon	1	1	752048
polym	1	1	752060
polymer	1	1	752072
polymeras	2	3	752084
polymicrobi	2	2	752112
polymorph	4	7	752136
polymorphonuclear	1	1	752196
polyneuropathi	2	3	752208
polyp	7	104	752236
polypectomi	2	15	752708
polypharmaci	2	2	752784
polypoid	2	26	752808
polyposi	5	22	752928
polysaccharid	4	7	753056
pon	2	2	753116
pone	1	9	753140
ponikau	1	11	753184
pool	7	12	753236
poor	21	105	753340
poorer	1	3	753928
poorest	1	1	753948
poorli	11	24	753960
poornima	1	1	754144
pope	2	2	754156
poplit	3	10	754180
popul	29	270	754244
populac	1	1	755556
popular	4	5	755568
porcin	1	1	755620
portabl	3	3	755632
portal	3	6	755668
portion	6	11	755716
portland	1	5	755808
portrai	1	1	755836
pose	7	10	755848
posh	1	2	755944
posit	33	224	755960
positron	5	7	757120
possess	4	4	757188
possibl	25	71	757236
post	25	69	757720
postarthroplasti	1	1	758196
postchalleng	2	2	758208
postconcuss	1	1	758232
postdoctor	1	3	758244
poster	1	2	758264
posterior	9	21	758280
posteriorli	2	3	758436
posterobas	1	1	758464
posterolater	1	1	758476
postextub	1	1	758488
postinjuri	1	1	758500
postload	1	1	758512
postmeal	2	4	758524
postmenopaus	2	6	758556
postmortem	1	1	758596
postnas	1	1	758608
postneonat	1	2	758620
postop	8	77	758636
postorgan	1	1	759008
postpartum	3	9	759020
postpolypectomi	1	2	759080
postpon	5	6	759096
postprandi	2	27	759160
postprocedur	1	1	759284
postpubert	2	2	759296
postsurg	2	3	759320
postthrombot	1	1	759348
postul	2	3	759360
postur	4	4	759388
pot	1	1	759436
potassium	2	11	759448
potato	1	1	759508
potenc	1	96	759520
potent	2	3	759912
potenti	34	184	759940
pou	1	1	760948
pouch	1	1	760960
poundston	1	1	760972
poverti	1	34	760984
powel	1	1	761128
power	10	26	761140
pp65	1	1	761324
ppar	1	1	761336
ppg	2	4	761348
pqi	1	2	761380
prabhat	1	2	761396
practic	20	131	761412
practition	8	11	762096
praeves	1	1	762204
pragmat	2	2	762216
pragu	1	1	762240
pralong	1	1	762252
pramlintid	2	2	762264
prandial	2	10	762288
prather	1	1	762344
prazosin	2	2	762356
pre	21	88	762380
preadolesc	1	1	762900
preanalyt	2	4	762912
prearteriolar	1	1	762944
precancer	1	1	762956
precar	1	1	762968
precari	1	1	762980
precaut	2	4	762992
preced	9	10	763024
preceed	1	1	763136
precess	2	2	763148
prechemotherapi	1	6	763172
precipit	9	15	763204
precis	10	13	763336
preclin	5	5	763468
preclud	9	11	763528
preconcept	3	40	763644
precondit	1	1	763828
precordi	1	2	763840
precursor	1	1	763856
predecessor	1	1	763868
predefin	3	4	763880
predetermin	1	1	763920
prediabet	2	51	763932
prediagnosi	1	1	764152
predict	25	177	764164
predictor	15	54	765072
predilect	1	1	765408
predispos	13	18	765420
predisposit	1	1	765596
prednisolon	2	2	765608
prednison	1	1	765632
predomin	7	11	765644
predominantli	6	12	765744
preexercis	1	1	765840
preexist	3	7	765852
prefer	9	58	765904
preferenti	2	2	766208
preform	3	3	766232
prefront	1	1	766268
pregnanc	7	206	766280
pregnant	6	32	767160
preimplement	1	1	767336
prelact	1	1	767348
preliminari	3	20	767360
prematur	9	17	767464
premeal	2	11	767604
premed	2	2	767664
premenopaus	1	1	767688
premotor	1	1	767700
prenat	4	13	767712
preoccupi	1	1	767796
preoper	11	89	767808
prepar	21	47	768252
prepared	1	8	768608
prepartum	2	2	768648
preponder	2	2	768672
preprandi	2	13	768696
prepub	1	1	768764
prepubert	3	8	768776
preschool	1	1	768832
prescrib	8	28	768844
prescript	4	14	769020
presenc	35	134	769108
present	49	399	769924
preserv	11	21	771912
presid	1	1	772084
prespecifi	2	9	772096
press	6	7	772148
pressman	1	2	772224
pressor	1	1	772240
pressur	20	226	772252
presum	1	3	773316
presurgeri	1	1	773336
presymptomat	2	2	773348
preterax	2	2	773372
preterm	2	20	773396
pretest	2	3	773492
pretestprob	1	1	773520
pretreat	3	16	773532
pretti	1	2	773620
prevail	2	2	773636
preval	14	105	773660
prevent	24	297	774192
previou	31	132	775572
previous	24	77	776348
prevotella	1	1	776848
price	2	4	776860
pride	2	2	776892
primari	27	161	776916
primarili	10	40	777776
primat	1	1	778016
primavera	1	3	778028
prime	2	3	778048
primer	2	4	778076
primit	1	2	778108
primordi	1	2	778124
prin	1	1	778140
princ	1	1	778152
princess	1	1	778164
princip	4	7	778176
principl	3	10	778236
print	1	1	778300
prior	21	124	778312
priorit	2	4	778976
prioriti	5	18	779008
priscilla	1	1	779120
prism	3	5	779132
prison	1	1	779176
privaci	2	2	779188
privat	2	21	779212
prl	3	30	779312
pro	1	1	779456
pro173x	1	1	779468
proactiv	3	5	779480
probabl	11	31	779524
proband	1	38	779736
probe	8	16	779896
problem	16	109	780024
problemat	6	8	780588
proce	1	1	780668
procedur	29	121	780680
proceed	2	2	781396
process	26	119	781420
prochaska	1	1	782104
procoagul	1	9	782116
procyclidinehcl	1	2	782160
produc	14	42	782176
product	14	117	782456
prof	3	3	783036
profess	1	1	783072
profession	8	84	783084
professor	1	5	783484
profici	4	10	783512
profil	12	74	783584
profit	1	2	783976
profound	8	10	783992
profoundli	1	1	784096
profunda	1	1	784108
progenitor	2	11	784120
progesteron	2	2	784180
prognos	3	4	784204
prognosi	14	32	784244
prognost	6	12	784484
program	9	236	784580
programa	1	1	785596
programfor	1	1	785608
programin	1	1	785620
programm	3	15	785632
progress	22	158	785716
prohibit	2	2	786524
proinflammatori	1	1	786548
project	9	60	786560
prokinet	2	2	786872
prolactin	4	43	786896
prolactinoma	4	29	787100
prolaps	1	1	787248
prolead	1	1	787260
prolif	5	7	787272
prolifer	2	3	787340
prolong	17	43	787368
promax	1	1	787676
promega	2	3	787688
prometaphas	1	1	787716
promethazin	1	1	787728
promin	7	9	787740
promis	8	21	787832
promot	9	66	787980
prompt	7	11	788316
promptli	2	5	788416
promulg	1	1	788452
prone	7	13	788464
pronethalol	1	1	788572
prong	1	2	788584
pronounc	4	5	788600
proof	3	3	788652
propag	2	4	788688
propel	1	1	788720
propens	3	4	788732
proper	7	15	788772
properli	1	1	788888
properti	6	11	788900
prophas	1	4	788992
prophylact	3	5	789016
prophylaxi	2	2	789060
propidium	1	2	789084
propofol	2	5	789100
proport	18	40	789136
proportion	5	5	789440
propos	16	33	789500
propranolol	1	2	789760
propria	1	3	789776
propriocept	2	2	789796
prospect	18	68	789820
prostaglandin	4	4	790236
prostat	1	2	790284
prosthes	2	2	790300
prostitut	1	1	790324
protdist	1	1	790336
proteas	1	2	790348
proteasom	1	2	790364
protect	11	48	790380
protein	19	171	790660
proteinuria	2	4	791496
proteolysi	2	3	791528
proteolyt	3	3	791556
proteom	2	3	791592
protest	1	1	791620
prothrombin	2	5	791632
prothrombot	1	1	791668
protocol	21	76	791680
prototyp	2	2	792152
protozoan	1	1	792176
protrud	2	2	792188
prove	9	14	792212
proven	14	18	792340
provid	24	337	792524
provinci	1	1	794064
provis	4	15	794076
provision	1	1	794168
provoc	5	5	794180
provok	5	6	794240
proxi	1	2	794304
proxim	9	25	794320
proyecto	1	1	794492
prudent	1	1	794504
pruij	1	1	794516
pseudoaneurysm	1	1	794528
pshycho	1	1	794540
psi	1	5	794552
psychiatr	6	56	794580
psychiatri	3	7	794852
psychiatrist	2	2	794904
psychic	1	1	794928
psychinfo	1	1	794940
psycho	2	2	794952
psychoeduc	1	1	794976
psycholog	8	30	794988
psychologist	1	1	795172
psychometr	1	1	795184
psychopatholog	1	1	795196
psychos	2	2	795208
psychosi	2	16	795232
psychosoci	4	35	795312
psychot	2	19	795484
psychotherapeut	1	1	795576
psychotrop	1	3	795588
pt	3	19	795608
ptb	1	3	795708
ptca	1	11	795728
ptosi	1	1	795780
ptsd	3	104	795792
ptt	2	5	796232
pu	2	2	796268
puberti	4	16	796292
public	22	163	796388
publicli	1	5	797216
publish	24	53	797244
pubm	1	1	797648
puerto	1	1	797660
puget	1	1	797672
pukhtoon	1	1	797684
pull	3	5	797696
pulmonari	13	108	797740
pulmonologist	1	1	798276
pulp	1	1	798288
puls	10	21	798300
pulsat	1	1	798464
pump	4	21	798476
pune	1	1	798592
punish	1	1	798604
punit	1	1	798616
punjabi	1	1	798628
puo	1	1	798640
pupil	2	5	798652
pupillari	2	2	798688
purchas	2	12	798712
pure	8	22	798776
puriti	1	3	798928
purpos	11	35	798948
pursu	2	3	799176
purul	2	5	799204
push	2	3	799240
put	11	24	799268
putnam	1	2	799452
pv	1	1	799468
pvegf	1	9	799480
pvt	1	1	799524
pyelographi	1	2	799536
pyelonephr	3	4	799552
pyogen	2	53	799592
pyramid	1	1	799820
pyrazinamid	1	2	799832
pyrex	1	1	799848
pyrexia	2	3	799860
pyridyloxadiazol	1	1	799888
pyruv	1	2	799900
pyuria	1	1	799916
pz	1	1	799928
q260al	1	1	799940
q260jl	1	1	799952
qam	1	1	799964
qca	2	6	799976
qd	1	1	800016
qft	1	5	800028
qh	1	7	800056
qian	1	1	800092
qing	2	2	800104
qmi	1	2	800128
qol	1	2	800144
qpcr	1	1	800160
qtr	1	1	800172
quadrant	2	8	800184
quadriparesi	1	2	800232
quadriplegia	1	1	800248
quadrupl	1	1	800260
quagliozzi	1	1	800272
qualifi	3	7	800284
qualit	4	21	800336
qualiti	17	194	800452
quantif	3	12	801364
quantiferon	1	1	801436
quantifi	11	28	801448
quantil	2	2	801648
quantit	10	41	801672
quantiti	1	11	801916
quarantin	1	3	801968
quarter	3	5	801988
quarterli	2	3	802032
quartil	1	4	802060
question	20	59	802084
questionnair	4	27	802480
quetiapin	1	3	802620
quezon	1	3	802640
quick	5	5	802660
quicker	1	1	802720
quickli	7	10	802732
quicktim	1	1	802828
quiet	2	2	802840
quietli	1	1	802864
quinagolid	1	1	802876
quinolon	1	1	802888
quintil	1	3	802900
quit	3	6	802920
quitlin	1	1	802968
quot	1	1	802980
qureshi	1	2	802992
r176	1	1	803008
r190a	1	3	803020
r204	1	1	803040
ra	4	16	803052
rabbit	3	3	803148
race	7	37	803184
rachael	1	1	803388
rachel	1	1	803400
racial	5	17	803412
racism	1	1	803520
radar	1	1	803532
radial	1	1	803544
radiat	9	29	803556
radic	5	13	803744
radii	1	1	803836
radio	3	3	803848
radioact	1	6	803884
radiofrequ	1	1	803916
radiograph	4	7	803928
radiographi	1	1	803988
radioimmunoassai	3	3	804000
radiolabel	1	1	804036
radiolog	11	14	804048
radiologist	2	5	804192
radionuclid	3	3	804228
radiotherapi	2	3	804264
radiu	1	2	804292
radk	1	2	804308
rafael	1	3	804324
rafii	1	2	804344
rahim	1	2	804360
rahman	1	1	804376
rai	14	19	804388
railroad	1	1	804576
rain	1	1	804588
raini	1	2	804600
rais	17	40	804616
rajan	1	1	804912
rajasekhar	1	1	804924
rajeev	1	5	804936
rajshekhar	1	1	804964
rale	1	2	804976
ram	1	2	804992
ramin	1	1	805008
ramipril	1	2	805020
ramli	1	1	805036
ramp	1	1	805048
ramsai	1	1	805060
ran	1	1	805072
random	15	124	805084
randomis	1	1	805700
randomli	5	11	805712
rang	33	181	805796
rank	2	4	806784
rape	2	15	806816
rapid	17	39	806892
rapidli	10	14	807184
rare	29	85	807320
rashid	1	1	807892
rasul	1	1	807904
rat	3	7	807916
rate	37	429	807968
rater	1	1	809980
ratio	16	58	809992
rational	5	12	810352
raven	1	1	810440
raw	1	2	810452
raynaud	1	1	810468
rb	3	13	810480
rbc	1	2	810556
rbg	1	4	810572
rca	2	13	810596
rcnd	1	1	810664
rcny	1	1	810676
rct	3	36	810688
rd	1	3	810856
rda	2	4	810876
re	1	39	810908
reach	20	65	811072
reachabl	1	1	811492
react	2	2	811504
reaction	14	29	811528
reactiv	11	64	811756
read	18	34	812100
reader	5	8	812380
readi	5	7	812452
readili	7	7	812520
readmit	1	1	812604
reaffirm	1	1	812616
reagent	1	3	812628
real	8	29	812648
realis	1	11	812828
realist	2	2	812880
realiti	3	8	812904
realiz	8	12	812960
realm	2	2	813072
reap	2	4	813096
reappear	1	1	813128
reason	23	86	813140
reassess	2	2	813668
reassur	1	1	813692
rebound	3	15	813704
rec	2	3	813788
recal	3	15	813816
recan	1	1	813900
receiv	23	130	813912
recenc	1	1	814616
recent	37	258	814628
recentrifug	1	1	815956
recept	1	1	815968
receptor	9	22	815980
recess	3	4	816140
recheck	2	2	816180
recidiv	1	2	816204
recipi	2	5	816220
reciproc	3	4	816256
reclin	1	1	816296
recogn	12	44	816308
recognis	5	6	816580
recognit	7	18	816644
recollect	1	2	816772
recombin	6	18	816788
recommend	23	392	816908
recompens	1	1	818660
reconcil	1	2	818672
reconcili	2	2	818688
reconfirm	2	3	818712
reconsid	1	1	818740
reconsider	2	2	818752
reconstitut	2	2	818776
reconstruct	5	24	818800
record	22	90	818936
recordkeep	1	1	819472
recov	12	19	819484
recoveri	25	63	819656
recreat	2	5	820108
recruit	7	30	820144
rectal	4	30	820320
rectangl	1	1	820472
rectangular	1	1	820484
rectosigmoid	1	2	820496
rectu	1	22	820512
rectum	6	21	820608
recur	3	3	820740
recurr	19	109	820776
recurso	1	1	821364
red	8	19	821376
redefin	1	1	821516
redefinit	2	2	821528
redesign	2	2	821552
redistribut	2	2	821576
redress	1	1	821600
reduc	30	301	821612
reduct	16	167	823056
redund	1	1	823852
redwood	1	1	823864
reef	1	2	823876
reestablish	1	1	823892
reev	1	1	823904
reevalu	2	2	823916
ref	6	22	823940
refer	28	126	824076
referr	9	59	824804
refil	1	1	825112
refin	2	2	825124
reflect	17	37	825148
reflex	5	16	825432
reflux	1	1	825536
refluxoesophag	1	1	825548
reform	1	1	825560
reformat	1	2	825572
refractori	5	9	825588
refram	1	1	825664
refuge	2	15	825676
refus	5	7	825752
regain	3	3	825820
regard	14	23	825856
regenstein	1	1	826060
regim	1	2	826072
regimen	7	52	826088
region	25	97	826352
regist	4	17	826940
registr	1	2	827040
registrar	1	1	827056
registri	5	17	827068
regress	12	56	827176
regret	1	1	827496
regrett	1	1	827508
regul	12	35	827520
regular	11	32	827756
regularli	4	10	827972
regulatori	7	17	828044
regurgit	4	17	828168
rehabilit	9	33	828268
rehydr	1	1	828472
reimburs	3	14	828484
reinforc	2	8	828564
reising	1	1	828612
reject	1	2	828624
rel	18	62	828640
relai	1	1	829032
relaps	5	8	829044
relat	33	251	829116
relation	1	1	830384
relationship	20	96	830396
relax	3	7	830940
releas	11	53	830992
relentless	2	2	831292
relev	17	53	831316
reli	9	13	831664
reliabl	12	26	831788
relianc	3	6	831988
reliant	1	1	832036
relief	6	7	832048
reliev	7	15	832124
religi	2	6	832240
religion	1	2	832280
rella	1	2	832296
reloc	1	2	832312
remain	41	142	832328
remaind	3	3	833224
remark	6	8	833260
remedi	1	5	833340
remedio	1	3	833368
rememb	5	34	833388
remind	2	2	833564
remiss	5	53	833588
remit	1	1	833840
remix	1	1	833852
remnant	1	1	833864
remodel	2	4	833876
remot	4	6	833908
remov	18	39	833964
renal	11	73	834264
renam	1	1	834644
render	3	3	834656
renew	2	2	834692
renilla	1	1	834716
renin	2	5	834728
rennin	1	1	834764
renown	1	1	834776
rental	1	2	834788
reorgan	1	1	834804
repair	6	11	834816
repeat	24	73	834908
repeatedli	3	4	835392
reperfus	2	2	835432
repertoir	1	1	835456
repetit	4	6	835468
replac	14	42	835524
replat	1	1	835804
replic	4	5	835816
repopul	1	3	835868
report	48	514	835888
reportedli	5	5	838328
repositori	1	4	838388
repres	21	83	838412
represent	2	3	838912
repress	2	14	838940
reproduc	4	6	839012
reproduct	7	24	839068
republ	1	1	839220
reput	1	1	839232
request	7	10	839244
requir	37	211	839340
requisit	1	1	840480
resaerch	1	1	840492
reschedul	1	1	840504
rescu	2	3	840516
research	29	207	840544
resect	13	103	841604
resembl	2	3	842120
reserv	5	13	842148
reservoir	1	1	842240
resettl	1	4	842252
resid	7	86	842276
residenti	1	9	842676
residu	12	32	842720
resign	1	1	842944
resili	1	8	842956
resin	1	1	842996
resist	11	58	843008
resnik	1	1	843328
resolut	10	33	843340
resolv	13	18	843552
reson	19	40	843728
resorb	1	2	844040
resorpt	1	1	844056
resort	2	2	844068
resourc	7	64	844092
resp	1	1	844404
respect	11	23	844416
respir	1	1	844596
respiratori	15	56	844608
respitori	1	1	844952
respond	15	59	844964
respons	29	263	845320
rest	10	33	846604
restart	1	1	846816
restaur	1	2	846828
restor	1	2	846844
restrict	9	35	846860
restructur	1	1	847072
result	48	548	847084
resum	3	3	849660
resumpt	1	2	849696
resuscit	3	4	849712
retail	1	3	849752
retain	3	7	849772
retard	6	9	849824
retent	5	6	849908
retest	1	1	849972
rethink	3	3	849984
retin	3	9	850020
retino	1	1	850080
retinopathi	3	88	850092
retir	2	2	850468
retractor	1	1	850492
retrain	1	1	850504
retreat	1	1	850516
retriev	1	1	850528
retrograd	3	5	850540
retroorbit	1	1	850584
retrospect	12	30	850596
retrostern	2	2	850812
retrovir	1	4	850836
return	12	34	850860
reuben	1	1	851092
reulcer	2	2	851104
reuptak	1	2	851128
reus	1	1	851144
revaccin	2	2	851156
revascular	2	4	851180
revascularis	2	4	851212
reveal	29	103	851244
reveno	1	1	851888
revenu	2	2	851900
revers	15	25	851924
revert	2	2	852144
review	31	137	852168
revis	11	26	852964
revolution	1	1	853156
reward	2	2	853168
rewind	1	1	853192
rewound	1	1	853204
rey	2	2	853216
reynold	1	1	853240
rf	2	2	853252
rg	1	4	853276
rgen	1	1	853300
rh	1	55	853312
rhabdomyolysi	2	4	853540
rheumat	1	1	853572
rheumatologist	1	1	853584
rhiniti	1	4	853596
rhino	1	2	853620
rhinolog	1	1	853636
rhinoscopi	1	3	853648
rhinosinus	1	13	853668
rhio	1	3	853728
rhode	1	1	853748
rhuepo	1	4	853760
rhythm	3	6	853784
ria	1	2	853832
rib	2	3	853848
ribeiro	3	7	853876
riboprob	1	3	853928
rican	1	1	853948
ricchetti	1	1	853960
rice	1	2	853972
rich	5	12	853988
richard	1	6	854076
richardson	1	2	854108
richer	1	1	854124
richest	1	1	854136
rick	1	1	854148
ricket	1	6	854160
ricoeur	1	1	854192
ridella	1	1	854204
rieux	1	1	854216
rifabutin	1	1	854228
rifampicin	1	3	854240
right	2	5	854260
rigid	4	7	854296
rigor	4	5	854356
rim	3	3	854408
ring	1	3	854444
ringdal	1	1	854464
rinner	1	1	854476
rise	12	26	854488
risk	37	965	854688
riski	3	7	858844
riskier	1	1	858896
risperidon	1	3	858908
ritchi	1	1	858928
ritual	1	1	858940
rmpa	1	5	858952
rn	1	14	858980
rna	3	14	859044
rnai	1	12	859124
rntcp	1	2	859180
ro	1	3	859196
road	3	6	859216
roadwai	1	1	859264
roam	1	1	859276
robberi	2	2	859288
robert	1	10	859312
roberto	1	1	859360
robertson	1	1	859372
robin	1	2	859384
robust	8	9	859400
robyn	1	3	859500
roc	1	11	859520
roch	2	5	859572
rochest	1	2	859608
rock	1	1	859624
rockvil	1	2	859636
rod	2	5	859652
rodent	1	1	859688
rodillo	1	1	859700
rodwel	1	1	859712
roentgenogram	1	4	859724
roger	1	2	859748
roi	1	2	859764
roland	1	1	859780
role	30	116	859792
roller	1	2	860496
rome	1	1	860512
ron	1	1	860524
rongeur	1	1	860536
room	16	31	860548
roommat	2	2	860800
root	5	14	860824
rosalyn	1	1	860920
rosberg	1	1	860932
rose	1	1	860944
rosenbaum	1	1	860956
rosenblatt	1	1	860968
rossen	1	1	860980
rostrum	1	1	860992
rosuvastatin	2	2	861004
rot	1	1	861028
rotat	6	8	861040
rothenberg	1	1	861120
roueiheb	1	1	861132
roughli	1	2	861144
round	7	10	861160
rout	6	11	861256
routin	18	73	861348
roux	1	1	861784
rouyer	1	1	861796
row	2	8	861808
rox	1	1	861856
royen	1	1	861868
rpt3n1b	1	1	861880
rpt4an0	1	1	861892
rr	5	38	861904
rrna	1	1	862096
rs1631833	1	2	862108
rs895941	1	2	862124
rs953887	1	2	862140
rsh	1	2	862156
rstf	1	3	862172
rt	3	10	862192
rtd	1	1	862256
rubin	1	2	862268
ruin	1	1	862284
rule	8	24	862296
rump	2	3	862456
run	6	8	862484
runawai	1	1	862564
runnel	1	2	862576
ruptur	5	14	862592
rural	4	25	862688
russel	2	2	862820
russia	1	2	862844
russian	2	2	862860
ruta	1	1	862884
ruxana	1	1	862896
rv	3	6	862908
rwanda	1	3	862956
ryan	1	1	862976
ryder	1	1	862988
s1	2	3	863000
s10	1	3	863028
s109	2	2	863048
s12	1	1	863072
s134f	1	1	863084
s134r	1	1	863096
s14	1	1	863108
s15	1	1	863120
s16	1	2	863132
s290	1	1	863148
s299f	1	1	863160
s299r	1	1	863172
s346f	1	1	863184
s346r	1	1	863196
s349	1	1	863208
s7	1	3	863220
s8	1	1	863240
s82f	1	1	863252
s82r	1	1	863264
sa	3	15	863276
saa	1	9	863360
sabin	1	1	863404
sac	1	6	863416
saccad	1	1	863448
sacobi	1	1	863460
sacral	1	3	863472
sad	2	4	863492
sadikot	1	2	863524
sadowski	1	1	863540
safe	18	65	863552
safeguard	1	1	863956
safer	2	5	863968
safeti	13	57	864004
sage	1	2	864336
sah	1	1	864352
saha	1	1	864364
saharan	1	5	864376
sahlgrenska	1	1	864404
sahlol	1	1	864416
sain	1	1	864428
sake	1	3	864440
salari	1	1	864460
salgado	1	1	864472
saliba	1	1	864484
salient	2	3	864496
salin	7	17	864524
salina	1	1	864648
salisburi	1	2	864660
salivari	1	2	864676
salmon	1	1	864692
salmonella	1	1	864704
salsa	1	2	864716
salt	3	6	864732
saluja	1	1	864780
salvador	1	1	864792
salvag	3	3	864804
sam	2	3	864840
samhsa	1	4	864868
samoel	1	1	864892
sampl	22	130	864904
sampson	1	1	865600
san	2	8	865612
sandeep	1	1	865660
sander	1	1	865672
sandostatin	1	1	865684
sandra	2	2	865696
sandro	1	4	865720
sandwich	1	1	865744
sanit	1	4	865756
santiago	1	4	865780
santo	1	1	865804
sao	1	11	865816
sapien	1	5	865868
sar	1	1	865896
sara	1	5	865908
sarah	1	6	865936
saran	1	2	865968
sarcoma	1	6	865984
sasama	1	1	866016
sat	1	1	866028
satellit	1	4	866040
satisfact	3	20	866064
satisfactori	2	2	866168
satisfi	3	4	866192
satur	4	14	866232
saurabh	1	1	866320
savag	1	1	866332
save	5	13	866344
savva	1	1	866436
sawada	1	3	866448
sb	2	44	866468
sb1	1	1	866660
sb3	1	1	866672
sb4	1	2	866684
sbirt	1	1	866700
sbp	2	21	866712
sbr1	1	1	866812
sc	1	1	866824
sca	1	1	866836
scale	14	50	866848
scalp	2	2	867160
scalpel	3	3	867184
scan	20	78	867220
scanner	4	5	867692
scant	1	1	867744
scapula	1	1	867756
scar	4	8	867768
scarc	3	4	867832
scarciti	1	1	867872
scari	1	1	867884
scatter	2	2	867896
scd	1	2	867920
scenario	6	9	867936
scene	2	17	868020
schaefer	1	1	868104
scheck	1	1	868116
schedul	8	24	868128
scheff	1	1	868288
schemat	1	5	868300
scheme	2	2	868328
schempf	1	1	868352
schiavo	1	1	868364
schizo	1	1	868376
schizoaffect	1	5	868388
schizophren	1	1	868416
schizophrenia	3	11	868428
schizophreniform	1	1	868496
schmedler	1	1	868508
scholarli	1	1	868520
school	7	148	868532
schootman	1	1	869180
schuetz	1	1	869192
schulz	1	1	869204
schwartz	1	2	869216
schwitter	1	1	869232
scid	1	1	869244
scienc	5	15	869256
scientif	5	15	869356
scientist	6	11	869456
scintigraph	1	1	869548
scintigraphi	6	11	869560
scleroderma	1	1	869652
scoliosi	1	131	869664
scoliot	1	2	870196
scope	3	3	870212
score	16	75	870248
scott	1	3	870676
scout	1	1	870696
scrambel	1	1	870708
scrambl	1	4	870720
screen	17	298	870744
screener	2	2	872072
screw	1	2	872096
sd	12	174	872112
sdf	1	3	872904
sdre	1	1	872924
sdresmodelgroup	1	1	872936
sdstand	1	3	872948
sdstandr	1	3	872968
se	3	28	872988
sea	1	15	873124
sealer	1	2	873192
seamless	2	2	873208
sean	1	3	873232
search	11	19	873252
searo	1	2	873416
season	1	1	873432
seat	3	6	873444
seatbelt	1	1	873492
seattl	1	1	873504
seawat	1	1	873516
sebastian	2	2	873528
sec	2	5	873552
second	3	9	873588
secondari	25	60	873648
secondarili	4	5	874088
secret	9	33	874140
secretagogu	2	8	874344
secretari	1	1	874392
secretori	4	8	874404
section	17	80	874468
sector	1	8	874924
secur	3	13	874964
sed	3	8	875040
sedat	4	6	875096
sediment	5	10	875152
sedivi	1	1	875232
see	1	1	875244
seed	3	4	875256
seek	9	30	875296
seeker	1	1	875488
seemingli	2	2	875500
seer	1	3	875524
segment	12	62	875544
segreg	2	11	875888
seguridad	1	1	875948
seitz	1	1	875960
seizur	5	16	875972
sekolah	1	1	876076
selangor	1	4	876088
seldom	4	5	876112
select	26	106	876164
selfreport	1	1	876796
selin	1	1	876808
sell	1	1	876820
sellar	1	5	876832
sem	2	52	876860
semant	1	4	877084
semi	4	7	877108
semicirculari	1	1	877168
seminar	2	6	877180
semoga	1	1	877220
semss	1	10	877232
senat	1	1	877280
senior	3	15	877292
senovilla	1	1	877376
sens	5	11	877388
sensat	6	23	877472
sensit	27	89	877612
sensor	2	8	878184
sensori	6	17	878232
sensorimotor	2	2	878348
sensorium	1	1	878372
sentenc	2	5	878384
seo	1	1	878420
seosi	1	1	878432
sep	2	6	878444
sepang	1	1	878484
separ	20	54	878496
sepsi	7	16	878872
sept	1	1	878992
septal	3	4	879004
septat	1	1	879044
septemb	6	9	879056
septic	3	9	879140
septicemia	1	2	879200
septum	3	4	879216
seqboot	1	1	879256
sequela	6	13	879268
sequenc	9	84	879368
sequenti	5	6	879776
sequestr	2	2	879840
ser21	1	1	879864
ser294leufsx11	1	1	879876
ser457x	1	1	879888
ser678metfsx39	1	3	879900
sera	1	1	879920
serena	1	1	879932
sergio	1	1	879944
seri	19	60	879956
serial	6	8	880348
serin	2	4	880428
serious	1	1	880460
sero	1	2	880472
seroconvers	1	3	880488
seroconvert	1	1	880508
serolog	2	2	880520
seroposit	1	1	880544
seropreval	1	1	880556
seros	1	1	880568
seroto	1	1	880580
serotonin	2	6	880592
serotyp	2	12	880632
serrat	1	1	880696
serum	20	86	880708
serv	15	49	881212
servic	7	163	881528
sessil	3	9	882236
session	4	30	882296
sestamibi	1	2	882448
sestr	1	1	882464
set	26	185	882476
seth	1	1	883424
settl	2	4	883436
settlement	1	3	883468
setup	3	3	883488
seung	1	1	883524
seventeen	1	1	883536
seventh	5	13	883548
seventi	1	2	883640
sever	33	245	883656
sevofluran	1	1	884900
sewa	1	8	884912
seward	1	1	884952
sewoon	1	1	884964
sex	9	69	884976
sexual	7	59	885324
sf	2	2	885616
sf36	1	2	885640
sfdph	1	1	885656
sga	1	19	885668
sh	1	1	885752
shaft	2	2	885764
shah	1	3	885788
shahan	1	1	885808
shaheen	1	1	885820
shai	1	1	885832
shake	1	1	885844
shallow	2	2	885856
shame	1	2	885880
shamsul	1	1	885896
shanahan	1	2	885908
shandilya	1	1	885924
shanita	1	1	885936
shankaran	1	1	885948
shannon	1	4	885960
shapcott	1	1	885984
shape	6	13	885996
share	11	48	886096
sharkei	1	1	886376
sharon	1	1	886388
sharp	4	11	886400
sharpli	1	1	886476
sharshar	1	2	886488
shawn	1	1	886504
shear	1	1	886516
sheath	1	18	886528
shed	2	2	886608
sheep	1	3	886632
sheet	1	1	886652
shekel	1	1	886664
shellei	1	2	886676
shelter	1	6	886692
shelton	1	1	886724
sheon	1	2	886736
sherri	2	6	886752
sherril	1	1	886792
sheryl	1	1	886804
shevlin	1	1	886816
shevon	1	1	886828
shift	8	21	886840
shigella	1	1	886988
shing	1	1	887000
ship	1	1	887012
shira	1	1	887024
shivangi	1	1	887036
shock	7	14	887048
shoe	2	8	887160
shoot	2	3	887208
shop	2	4	887236
shore	1	1	887268
shorr	1	1	887280
short	18	61	887292
shortcom	2	3	887680
shorten	3	12	887708
shorter	6	7	887780
shortli	6	6	887856
shot	3	3	887928
shoulder	1	1	887964
shouldn	1	1	887976
shovel	1	1	887988
show	46	377	888000
showcas	1	1	889876
shower	1	3	889888
shown	36	197	889908
shrank	1	1	890984
shrink	1	1	890996
shrinkag	1	1	891008
shrunk	1	1	891020
shrunken	1	1	891032
shruti	1	2	891044
shuangshoti	1	1	891060
shunt	2	3	891072
shut	1	1	891100
shutter	1	1	891112
shuttl	1	1	891124
si	2	3	891136
siadh	2	4	891164
sibai	1	1	891196
sibl	2	4	891208
sicd	1	1	891240
sick	6	8	891252
sicker	1	2	891332
sickl	3	4	891348
siddharth	1	3	891388
side	25	52	891408
siderophor	1	2	891816
sidorenko	1	1	891832
sieber	1	1	891844
siemen	2	5	891856
sif	1	5	891892
sight	1	1	891920
sigma	2	4	891932
sigman	1	3	891964
sigmoid	4	13	891984
sigmoidoscop	1	1	892068
sigmoidoscopi	1	2	892080
sign	26	84	892096
signa	1	1	892640
signal	11	60	892652
signatur	2	4	892980
signific	42	330	893012
significantli	26	225	894668
sikorski	1	1	895776
silenc	1	1	895788
silent	5	19	895800
silj	1	1	895916
silli	1	1	895928
silva	1	4	895940
silver	2	2	895964
silvia	1	1	895988
similar	34	123	896000
similarli	9	12	896764
simm	2	5	896884
simon	1	1	896920
simona	1	1	896932
simpl	12	22	896944
simpler	2	2	897128
simplest	2	3	897152
simpli	6	7	897180
simplic	2	3	897256
simul	3	6	897284
simultan	12	18	897332
simvastatin	3	5	897500
sinai	1	3	897544
sinan	1	1	897564
sindhi	1	1	897576
singh	1	1	897588
singl	30	68	897600
singleton	2	2	898112
singular	1	2	898136
sinha	1	1	898152
sinonas	1	4	898164
sinu	9	41	898188
sinus	2	24	898424
siobhan	1	1	898536
siphon	1	4	898548
sippewissett	1	1	898572
sirna	2	39	898584
sison	1	1	898756
sister	4	6	898768
sit	6	29	898824
site	19	69	898988
situ	2	6	899416
situat	19	39	899456
sixteen	2	2	899764
sixth	5	8	899788
sixti	7	13	899860
sizabl	2	2	899968
size	26	89	899992
sizeabl	1	1	900556
sj	1	1	900568
sk	1	1	900580
skew	1	1	900592
skid	1	1	900604
skill	10	42	900616
skim	1	3	900864
skin	7	21	900884
skull	2	8	901024
sl	1	1	901072
slab	1	1	901084
slater	1	1	901096
slavin	1	8	901108
sleep	8	24	901148
slept	1	1	901308
slice	5	22	901320
slide	4	9	901448
slight	4	5	901516
slightli	14	21	901568
slope	1	1	901764
slovak	1	20	901776
slow	10	44	901864
slower	2	2	902120
slowli	9	9	902144
slum	1	69	902252
slutsker	1	1	902536
sm	3	6	902548
sm1	2	2	902596
sm2	1	1	902620
sm3	1	2	902632
sma	1	55	902648
small	36	144	902876
smaller	14	25	903740
smallpox	1	1	903952
smartpool	1	1	903964
smbg	2	85	903976
smear	2	3	904332
smell	1	1	904360
smi	1	6	904372
smile	2	4	904404
smith	1	2	904436
smk	1	5	904452
smn	1	3	904480
smoke	10	93	904500
smoker	6	8	904952
smooth	4	4	905032
smucker	1	1	905080
smuggl	1	1	905092
snack	2	4	905104
snap	1	1	905136
snapshot	1	1	905148
snare	2	15	905160
snif	1	1	905236
snot	1	1	905248
snow	1	1	905260
snp	1	6	905272
snr	1	3	905304
snyder	1	2	905324
sobrieti	1	3	905340
social	8	130	905360
socialis	1	1	905944
societ	1	1	905956
societi	11	29	905968
socio	1	19	906172
sociocultur	1	1	906256
sociodemograph	1	8	906268
socioeconom	1	27	906308
sociolog	1	2	906424
sock	1	1	906440
sodium	7	22	906452
soft	2	11	906596
softwar	10	19	906656
softworx	1	2	906812
soil	1	6	906828
sola	1	1	906860
solar	1	3	906872
sole	9	11	906892
solent	1	1	907008
soleu	1	3	907020
solh	1	1	907040
solid	10	20	907052
solitari	3	4	907212
solna	1	1	907252
solubl	3	4	907264
solut	9	23	907304
solv	3	7	907468
solvent	1	2	907520
somat	3	9	907536
somato	1	4	907596
somatoform	1	3	907620
somatom	1	1	907640
somatosensori	2	5	907652
somatostatin	2	3	907688
somatotrop	1	1	907716
somatotroph	2	4	907728
somatotropinoma	1	5	907760
somerset	1	1	907788
son	3	5	907800
sonaglia	1	1	907844
sondergaard	1	1	907856
sonic	1	1	907868
sonograph	2	11	907880
sonographi	3	94	907940
sonya	1	1	908340
sop	1	1	908352
sophist	5	6	908364
sore	2	2	908428
sorensen	1	1	908452
sort	2	3	908464
sought	3	5	908492
sound	8	11	908536
sourc	9	34	908644
south	6	10	908852
southern	1	1	908940
southwest	1	1	908952
sp2aob	1	1	908964
space	6	10	908976
spain	2	2	909064
span	2	2	909088
spanish	1	3	909112
spare	4	7	909132
spars	2	2	909192
spasm	3	4	909216
spastic	1	4	909256
spatial	4	32	909280
spatio	1	1	909440
speak	4	14	909452
speci	1	11	909540
special	18	41	909592
specialist	6	36	909900
specialti	5	9	910092
specif	32	243	910168
specimen	13	22	911396
spect	3	5	911588
spectacl	1	1	911632
spectra	1	1	911644
spectral	1	1	911656
spectri	1	1	911668
spectrum	11	23	911680
specul	6	9	911860
speech	3	4	911944
speed	6	10	911984
speedbal	1	1	912072
spencer	1	1	912084
spend	1	2	912096
spent	3	6	912112
sphenoethmoid	1	1	912160
sphenoid	3	10	912172
sphenopalatin	1	1	912236
sphere	1	3	912248
spheric	1	1	912268
sphygmomanomet	1	1	912280
spiegelberg	1	1	912292
spike	1	18	912304
spina	1	1	912384
spinal	3	59	912396
spindl	1	85	912656
spine	3	18	913004
spira	1	1	913100
spiral	1	1	913112
spirit	2	3	913124
spiritu	1	2	913152
spite	4	5	913168
spleen	1	2	913220
splenomegali	1	1	913236
splice	2	21	913248
spoke	2	4	913348
spoken	1	2	913380
spondylodesi	2	3	913396
sponsor	1	1	913424
spontan	15	39	913436
sporad	4	8	913712
spore	1	5	913776
sport	3	3	913804
spot	4	13	913840
spous	1	1	913924
spp	3	19	913936
sprai	1	1	914036
spread	8	16	914048
spring	1	2	914176
springer	5	5	914192
spss	4	6	914252
spun	1	1	914308
spuriou	1	1	914320
sputum	3	5	914332
sq	1	1	914376
squar	8	11	914388
sr	1	2	914496
sri	1	1	914512
sritanjung	1	1	914524
srivastava	1	3	914536
ssb	1	4	914556
sscp	1	2	914580
ssep	1	8	914596
ssfp	2	4	914636
ssi	2	4	914668
sss	1	1	914700
sst	1	2	914712
st	6	36	914728
st23	1	1	914920
stab	1	1	914932
stabil	17	32	914944
stabilis	1	4	915208
stabl	18	62	915232
stabli	1	1	915624
staci	1	1	915636
stack	3	7	915648
staf	2	2	915700
staff	7	32	915724
stage	27	117	915908
stai	14	33	916592
stain	9	45	916836
stakehold	1	6	917088
stalk	3	6	917120
stallkamp	1	1	917168
stammberg	1	1	917180
stand	8	14	917192
standard	37	227	917312
standardis	1	3	918516
standish	1	1	918536
stanford	1	1	918548
stanlei	1	1	918560
stanol	2	4	918572
staphylococcu	1	1	918604
stapl	1	1	918616
star	1	1	918628
starch	1	1	918640
stark	2	2	918652
starlet	1	5	918676
start	33	105	918704
startagen	1	1	919388
startl	1	1	919400
starv	1	1	919412
stasi	1	1	919424
stat	1	1	919436
stata	2	4	919448
state	27	162	919480
statement	7	64	920344
static	1	1	920656
statin	4	100	920668
station	2	3	921100
stationari	1	1	921128
statist	22	89	921140
statistician	1	1	921672
statu	19	154	921684
statview	1	1	922452
stauffer	1	1	922464
std	1	1	922476
steadi	7	17	922488
steadili	3	5	922612
steal	1	1	922656
steatosi	2	2	922668
steep	1	2	922692
steepli	2	2	922708
stefano	1	1	922732
steffani	1	3	922744
stegun	1	1	922764
steiner	1	1	922776
steinert	1	2	922788
steinfeld	1	1	922804
stekrova	1	1	922816
stellabas	1	3	922828
stellant	1	1	922848
stem	8	32	922860
stemi	1	1	923052
sten	1	1	923064
stenos	6	21	923076
stenosi	7	44	923208
stenot	2	2	923440
stent	4	42	923464
step	13	38	923664
stephani	1	1	923920
stephen	2	2	923932
stephenson	2	2	923956
stepwis	1	2	923980
stereotyp	4	4	923996
stergiou	1	1	924044
steril	3	4	924056
sterilis	1	1	924096
sternal	2	2	924108
sternotomi	2	4	924132
steroid	4	8	924164
sterol	2	4	924228
steven	1	2	924260
steward	1	1	924276
sti	1	2	924288
stick	1	1	924304
stiff	2	7	924316
stigma	1	12	924360
stigmat	1	1	924416
stillman	1	2	924428
stimul	15	50	924444
stimulatori	1	3	924764
stimuli	6	13	924784
stimulu	2	3	924884
stipul	2	2	924912
stock	1	1	924936
stoma	1	3	924948
stomach	3	3	924968
stone	2	2	925004
stool	2	5	925028
stop	13	24	925064
storag	2	3	925264
store	7	39	925292
stori	3	8	925504
storm	1	1	925560
straight	2	2	925572
straightforward	1	1	925596
strain	2	19	925608
strand	2	7	925700
strang	1	1	925744
stranger	1	1	925756
strata	1	2	925768
stratagen	1	2	925784
stratalink	1	2	925800
strateg	1	2	925816
strategi	13	100	925832
strathde	1	3	926336
stratif	5	11	926356
stratifi	5	9	926440
stratospher	1	1	926516
strau	1	1	926528
streak	1	2	926540
stream	1	1	926556
streamlin	1	3	926568
strech	1	1	926588
street	2	12	926600
strength	8	21	926664
strengthen	6	14	926812
streptavidin	1	1	926916
streptococcu	1	1	926928
streptomycin	1	1	926940
stress	18	149	926952
stressor	4	5	927692
stretch	2	3	927744
stretcher	1	1	927772
strict	3	3	927784
stricter	2	2	927820
strictli	2	2	927844
stride	1	1	927868
strike	1	1	927880
strikingli	2	2	927892
stringent	3	20	927916
strip	4	6	928020
strive	3	3	928076
strobino	1	1	928112
stroke	12	92	928124
stroma	2	2	928588
stroncek	1	1	928612
strong	16	58	928624
stronger	7	12	928984
strongest	5	5	929088
strongli	11	25	929148
structur	22	82	929336
struggl	2	8	929840
stt	1	1	929888
stubbornli	1	1	929900
stuck	2	2	929912
student	8	52	929936
studi	46	1109	930208
stuff	1	2	935012
stuffi	1	1	935028
stun	2	5	935040
style	4	10	935076
su	3	4	935148
su5415	1	1	935188
subacut	2	2	935200
subadventiti	1	1	935224
subanalys	2	2	935236
subarachnoid	2	2	935260
subcategor	1	1	935284
subcategori	1	1	935296
subclin	5	9	935308
subclon	1	1	935384
subcort	1	1	935396
subcutan	4	10	935408
subdivid	2	2	935480
subdur	1	1	935504
subendocardi	2	24	935516
subent	1	2	935628
subgroup	6	28	935644
subha	1	1	935804
subintim	1	1	935816
subir	1	1	935828
subject	21	130	935840
sublaminar	1	1	936528
sublingu	1	1	936540
sublux	2	5	936552
submit	2	2	936588
submucos	2	29	936612
submucosa	2	5	936744
suboptim	3	5	936780
subperiost	1	1	936824
subpopul	3	5	936836
subscor	1	2	936880
subscrib	1	2	936896
subsect	2	4	936912
subsequ	24	88	936944
subseros	1	1	937488
subset	10	16	937500
subsid	2	2	937644
substanc	10	81	937668
substanti	11	46	938072
substern	1	1	938344
substitut	6	18	938356
substrat	3	4	938476
substudi	2	3	938516
subthem	1	11	938544
subtl	2	4	938596
subtot	4	5	938628
subtract	3	3	938680
subtyp	1	1	938716
subunit	2	2	938728
suburban	1	1	938752
subvalvular	1	2	938764
success	16	66	938780
successfulli	12	33	939172
succin	1	3	939400
suction	1	1	939420
sudden	10	16	939432
suddenli	3	4	939576
sudomotor	2	2	939616
suffer	14	39	939640
suffici	15	36	939908
sugar	4	13	940172
suggest	41	277	940256
suh	1	1	941692
suicid	5	53	941704
suicidi	1	5	941956
suit	6	9	941984
suitabl	5	6	942068
sulbactam	1	2	942132
sulcal	1	1	942148
sule	1	1	942160
suleiman	1	1	942172
sulfonylurea	3	5	942184
sullivan	1	1	942228
sulova	1	1	942240
sulpirid	2	6	942252
sultan	1	1	942292
sum	4	6	942304
suman	1	1	942360
sumatriptan	1	1	942372
summa	1	1	942384
summar	7	21	942396
summari	8	25	942536
summer	1	2	942700
summit	1	1	942716
sun	4	5	942728
sunct	1	4	942780
sundberg	1	1	942804
sung	3	3	942816
sungai	1	1	942852
sunlight	1	1	942864
sunmonu	1	1	942876
superantigen	1	1	942888
superfici	4	9	942900
superimpos	1	1	942968
superior	14	19	942980
supermarket	1	9	943168
supernat	2	2	943212
supervis	8	19	943236
supervisor	1	1	943376
supin	4	4	943388
supplement	6	13	943436
supplementari	4	4	943536
suppli	7	14	943584
support	23	219	943696
suppos	1	2	944756
suppress	6	12	944772
suppressor	3	13	944868
supraglott	1	1	944944
suprapub	1	1	944956
supraventricular	1	1	944968
surabhi	1	1	944980
surfac	11	21	944992
surg	2	3	945164
surgeon	7	25	945192
surgeri	26	265	945348
surgic	27	110	946616
surind	1	1	947272
surpass	1	1	947284
surplu	1	1	947296
surpris	6	7	947308
surprisingli	5	6	947384
surrealist	1	10	947448
surrog	5	9	947496
surround	12	14	947572
survei	9	67	947724
surveil	8	33	948064
surviv	15	43	948260
survivor	5	16	948552
survivorship	1	3	948656
susan	1	1	948676
suscept	10	14	948688
suspect	17	49	948824
suspend	2	2	949156
suspici	4	5	949180
suspicion	9	27	949232
sustain	7	28	949412
sutur	1	2	949580
suzann	1	1	949596
svoboda	1	1	949608
swahn	1	1	949620
swallow	1	20	949632
swb	1	2	949720
sweat	2	2	949736
sweden	4	8	949760
swedish	1	3	949824
sweeten	2	5	949844
swell	4	15	949880
swim	1	1	949972
swiss	1	1	949984
switch	2	4	949996
switzerland	2	3	950028
swollen	1	9	950056
sy	1	1	950100
sybr	1	1	950112
sylvia	1	1	950124
symbol	2	3	950136
symmetr	5	6	950164
sympathet	4	7	950228
symptom	32	217	950288
symptomat	12	40	951412
symptomolog	1	1	951668
synapt	1	1	951680
sync	1	1	951692
synchron	3	18	951704
synchronis	1	5	951800
syncop	4	4	951828
syndrom	26	113	951876
synergist	2	2	952536
syntel	1	3	952560
synthas	2	7	952580
synthesi	6	8	952624
synthet	3	3	952704
syptom	1	1	952740
syring	3	9	952752
system	30	197	952812
systemat	7	36	953840
systol	8	58	954040
szapiro	1	1	954336
t000	1	1	954348
t030	1	1	954360
t060	1	1	954372
t090	1	1	954384
t1	3	8	954396
t120	1	1	954452
t180	1	1	954464
t1n0	1	2	954476
t2	2	2	954492
t4	3	8	954516
t7	1	1	954572
ta	2	2	954584
tab	1	5	954608
tabe	1	1	954636
tabindeh	1	1	954648
tabl	33	307	954660
tablet	3	8	956152
tachi	1	2	956208
tachycard	1	1	956224
tachycardia	10	15	956236
tachypnoea	1	1	956376
tackl	1	1	956388
tad	1	3	956400
taewoong	1	1	956420
tag	2	6	956432
tagacatgcct	1	1	956472
tager	1	2	956484
tail	1	1	956500
tailor	4	21	956512
tailormad	1	1	956628
taipei	1	1	956640
taiwan	2	49	956652
taiwanes	1	2	956864
take	20	40	956880
tako	1	1	957200
takotsubo	1	10	957212
talent	1	1	957260
talk	4	15	957272
talnan	1	1	957364
tammi	1	1	957376
tamponad	1	1	957388
tan	1	2	957400
tandav	1	1	957416
tang	1	1	957428
tank	1	1	957440
tantal	1	1	957452
taofiki	1	1	957464
tap63	1	7	957476
tape	2	4	957512
taps	1	3	957544
taq	1	1	957564
tar	1	3	957576
target	22	219	957596
tarjen	1	2	958648
tartrat	1	4	958664
task	11	37	958688
tast	2	2	958924
tat	2	13	958948
tatsuo	1	1	959016
tattoo	1	7	959028
tau	1	1	959064
taught	3	5	959076
taxicab	1	3	959120
taxol	1	1	959140
taxonom	1	1	959152
taylor	2	2	959164
tazobactam	1	1	959188
tb	2	27	959200
tba	1	5	959324
tbg	1	1	959352
tbi	1	8	959364
tbm	1	17	959404
tc	1	2	959480
tcctctgtggttggtgaaattgcacc	1	1	959496
tcctttaaca	1	1	959508
tce	1	6	959520
tcf	1	2	959552
tdt	1	2	959568
tdzd	1	3	959584
teach	5	12	959604
teacher	1	3	959692
team	9	86	959712
teamwork	1	2	960128
tear	4	5	960144
teborg	1	1	960196
tech	2	2	960208
technetium	1	1	960232
technic	7	33	960244
techniqu	21	138	960432
technolog	13	77	961152
technologist	1	1	961564
tee	1	7	961576
teen	2	12	961612
teenag	3	3	961676
teeth	1	1	961712
teixeira	1	5	961724
teknolog	1	2	961752
telecardio	1	1	961768
telecardiolog	1	4	961780
telehealth	1	1	961804
telemetri	2	2	961816
telemonitor	2	2	961840
telephon	5	13	961864
telephoni	1	1	961956
telescop	1	1	961968
tell	1	1	961980
telomer	1	1	961992
tem	2	24	962004
tempelhoff	1	5	962116
temper	2	2	962144
temperatur	10	67	962168
tempo	1	1	962516
tempor	8	30	962528
temporari	7	12	962712
temporarili	6	6	962816
tempt	1	1	962888
ten	10	19	962900
tenant	1	1	963056
tend	8	10	963068
tendenc	3	3	963172
tender	5	10	963208
tenesmu	1	1	963288
tenet	1	1	963300
tenni	1	2	963312
tens	1	1	963328
tension	1	6	963340
tent	1	1	963372
tenth	1	1	963384
tenur	1	1	963396
teratogen	2	2	963408
teri	1	1	963432
term	34	154	963444
termin	5	16	964332
terminolog	1	2	964436
terminu	2	12	964452
terr	1	1	964516
terrett	1	1	964528
terri	1	2	964540
terribl	2	2	964556
terrifi	1	5	964580
territori	3	12	964608
terrorist	1	1	964680
tertiari	3	4	964692
tertil	1	4	964732
tesla	2	7	964756
test	39	580	964800
testabl	1	1	967432
testicular	1	1	967444
testimoni	1	1	967456
testosteron	4	15	967468
tetanu	1	1	967560
tetramer	1	2	967572
tetraploid	1	2	967588
tetsu	1	1	967604
texa	1	3	967616
text	2	12	967636
textserv	1	1	967700
textur	1	1	967712
tf	1	11	967724
tfc	1	29	967776
tg	1	4	967900
tg3	1	1	967924
tgcccaggcag3	1	1	967936
tgf	1	1	967948
tgttcttgagtgaaggactgag	1	1	967960
th1	1	1	967972
th2	2	4	967984
th3	1	2	968016
th4	1	1	968032
th5	1	1	968044
tha	1	8	968056
thalam	1	1	968096
thalamocort	1	1	968108
thaw	1	1	968120
theft	1	1	968132
thehiv	1	1	968144
themat	2	2	968156
themdg	1	1	968180
theme	2	16	968192
theoret	8	18	968272
theori	5	9	968408
therapeut	21	49	968484
therapi	34	550	968848
therapist	3	5	971320
thereto	1	1	971364
thermal	3	14	971376
thermocycl	1	1	971456
thermometri	1	1	971468
thermoregul	2	2	971480
thesi	2	4	971504
thiadiazolidinon	1	2	971536
thiazid	3	6	971552
thiazol	1	1	971600
thiazolidinedion	2	5	971612
thick	7	16	971648
thicken	6	9	971768
thicker	1	1	971852
thigh	1	1	971864
thin	5	7	971876
thine	1	1	971944
thing	3	10	971956
think	5	8	972020
third	4	4	972092
thirdli	1	1	972140
thirteen	1	1	972152
thirti	5	7	972164
thoma	2	6	972232
thorac	4	11	972272
thoracolumbar	1	2	972348
thoracotomi	1	1	972364
thorax	2	2	972376
thorlaciu	1	2	972400
thorp	1	2	972416
thought	13	43	972432
thousand	6	17	972708
thr1556asnfsx3	1	1	972824
thr675lysfsx2	1	1	972836
threat	4	10	972848
threaten	8	24	972920
threefold	1	1	973080
threonin	1	1	973092
threshold	6	38	973104
threw	1	1	973304
thrice	1	1	973316
throat	1	1	973328
throb	1	1	973340
thrombi	2	7	973352
thrombin	2	5	973396
thrombocytopenia	2	5	973432
thrombocytosi	1	1	973468
thromboembol	5	8	973480
thrombolysi	3	15	973552
thrombolyt	1	12	973636
thrombophleb	1	2	973692
thromboplastin	1	4	973708
thromboprophylaxi	2	7	973732
thrombopropylaxi	1	1	973776
thrombosi	8	33	973788
thrombot	1	1	973984
thromboxan	2	4	973996
thrombu	6	30	974028
throughput	1	1	974196
throw	1	1	974208
thud	1	1	974220
thumb	1	1	974232
thymidin	2	3	974244
thymu	2	2	974272
thyroglobulin	3	3	974296
thyroid	5	97	974332
thyroidectomi	1	1	974760
thyromegali	2	2	974772
thyroperoxidas	1	1	974796
thyroxin	1	5	974808
ti	2	5	974836
tia	1	4	974872
tibia	1	4	974896
tibial	3	3	974920
tichenor	1	2	974956
tid	2	9	974972
tidal	1	1	975024
tide	1	3	975036
tier	2	2	975056
tiff	1	1	975080
tiffani	1	1	975092
tigh	1	1	975104
tight	3	12	975116
tightli	3	3	975188
tijuana	1	10	975224
til	1	3	975272
till	1	1	975292
tim	1	1	975304
timber	1	5	975316
time	43	377	975344
timefram	1	1	977196
timeless	1	1	977208
timelin	1	1	977220
timi	1	7	977232
timmer	1	1	977268
timothi	1	2	977280
tip	1	1	977296
tire	1	2	977308
tired	1	1	977324
tirupati	1	4	977336
tissu	21	82	977360
titarsolej	1	1	977856
titl	2	2	977868
titrat	4	14	977892
tjk	1	1	977980
tka	1	9	977992
tl	1	1	978036
tlr	1	1	978048
tm	1	5	978060
tmp	1	14	978088
tnt	1	1	978152
to133	1	1	978164
toassist	1	1	978176
tobacco	5	18	978188
tocri	1	1	978300
todai	2	6	978312
toddler	1	1	978352
todkil	1	1	978364
toe	3	5	978376
toilet	1	1	978420
token	1	1	978432
tokyo	1	1	978444
tol	1	1	978456
told	2	13	978468
toler	13	45	978536
tomato	1	1	978820
tomograph	1	1	978832
tomographi	19	50	978844
tomson	1	1	979196
tone	3	3	979208
tongu	1	1	979244
tool	17	68	979256
tooth	1	1	979664
toothach	1	1	979676
top	2	2	979688
topic	6	35	979712
topogram	1	1	979900
torbicki	1	1	979912
torffvit	1	1	979924
toronto	1	22	979936
torranc	1	1	980032
torsad	1	1	980044
torsion	1	1	980056
torso	1	1	980068
toshi	1	1	980080
total	29	130	980092
touch	3	4	980844
tour	1	1	980884
tourist	2	2	980896
tournair	1	1	980920
town	2	6	980932
toxemia	1	1	980972
toxic	3	9	980984
toxicolog	1	1	981044
toxin	2	3	981056
toxoplasmosi	1	1	981084
tpo	1	4	981096
tr	1	15	981120
trabecula	1	1	981188
trace	4	5	981200
traceabl	2	2	981252
tracer	2	2	981276
trachea	1	4	981300
tracheal	1	5	981324
tracheostomi	2	4	981352
tracheotomi	2	32	981384
traci	1	2	981528
track	6	13	981544
tract	11	39	981644
trade	1	4	981888
tradit	7	23	981912
tradition	6	6	982060
traffic	3	5	982132
traffick	2	3	982176
trail	2	2	982204
train	10	91	982228
trait	6	9	982672
trajectori	6	28	982756
tran	5	21	982916
trandolapril	1	1	983040
tranexam	1	1	983052
transact	1	1	983064
transactiv	1	21	983076
transaminas	2	6	983168
transan	1	7	983208
transcrani	1	3	983244
transcrib	3	5	983264
transcript	6	30	983308
transdifferenti	1	3	983476
transduc	2	4	983496
transduct	3	5	983528
transect	1	2	983572
transesophag	2	5	983588
transfactor	1	1	983624
transfect	2	18	983636
transfer	8	17	983724
transferas	1	2	983856
transform	9	21	983872
transfus	7	15	984028
transglutaminas	2	4	984144
transhepat	1	1	984176
transient	11	26	984188
transit	7	53	984380
translat	7	14	984648
transloc	2	4	984760
transmiss	4	16	984792
transmit	6	11	984888
transmitt	1	2	984980
transmur	1	3	984996
transnas	1	10	985016
transor	1	3	985064
transpar	1	1	985084
transplant	7	28	985096
transport	6	11	985264
transpos	2	2	985356
transsphenoid	1	9	985380
transthorac	4	15	985424
transvagin	2	3	985516
transvers	6	11	985544
transversali	1	3	985636
transversarium	1	1	985656
trap	2	2	985668
trash	1	2	985692
trauma	13	112	985708
traumat	6	76	986260
traumatis	1	3	986612
travel	2	12	986632
traxtion	1	1	986696
treat	34	269	986708
treatabl	4	6	988056
treatment	41	606	988112
tree	6	27	990864
trefoil	1	1	991020
tremend	3	3	991032
trend	9	26	991068
trendelenberg	1	1	991244
tri	3	3	991256
trial	18	232	991292
trialist	2	2	992364
triangl	3	3	992388
tricuspid	1	8	992424
tricycl	1	1	992464
trigemin	1	2	992476
trigger	8	17	992492
triglycerid	3	27	992624
trimest	4	11	992756
tripartit	1	1	992832
triphosph	1	1	992844
tripl	3	4	992856
triplic	1	1	992896
triton	2	2	992908
trivial	2	2	992932
trocar	1	1	992956
trofoblast	1	1	992968
trollei	1	1	992980
tromboplastin	1	1	992992
tropic	1	1	993004
troponin	5	9	993016
troubl	2	3	993092
trough	1	2	993120
truck	2	3	993136
trucker	1	2	993164
true	12	28	993180
truncat	2	12	993388
trunk	2	8	993452
trust	3	19	993500
tsai	1	1	993600
tsh	5	80	993612
tsubo	1	1	993972
tsung	1	1	993984
tt	1	1	993996
ttc	1	3	994008
tte	1	6	994028
tubal	1	1	994060
tube	9	26	994072
tubercul	1	8	994248
tuberculin	1	2	994288
tuberculoma	1	2	994304
tuberculosi	3	25	994320
tubular	1	1	994444
tubulin	1	12	994456
tuft	1	1	994512
tumor	15	127	994524
tumorigenesi	2	3	995152
tumour	9	85	995180
tumourigenesi	1	1	995592
tune	4	10	995604
tunel	1	10	995676
tunnel	1	1	995724
turbid	1	1	995736
turbin	2	4	995748
turhan	1	1	995780
turn	12	21	995792
turner	4	4	995972
turnov	2	8	996020
twelv	7	13	996068
twenti	8	10	996176
twentieth	1	1	996280
twin	2	2	996292
tx	2	2	996316
tynan	1	1	996340
type	28	628	996352
typhoid	1	1	999088
typic	24	67	999100
typolog	1	1	999560
tyr1262x	1	1	999572
tyr935ilefsx19	1	1	999584
tyr935x	1	2	999596
tyrosin	1	1	999612
tzd	1	3	999624
tzp	1	3	999644
ua	1	9	999664
uae	1	8	999708
ub	1	1	999748
ubc	1	1	999760
ubiquit	2	2	999772
ubiquitin	1	1	999796
ucagucuaa	1	1	999808
ucaucgaccu	1	1	999820
ucb	1	8	999832
ucla	1	1	999872
ucsd	1	1	999884
ucsf	1	3	999896
ue	1	2	999916
ueno	1	2	999932
ufmg	1	1	999948
ugaagugacc	1	1	999960
ugcuauguau	1	1	999972
uh	2	54	999984
uhin	1	1	1000216
uhrc	1	1	1000228
uitm	1	6	1000240
uk	6	8	1000272
ukpd	2	14	1000352
ul	1	3	1000424
ulcer	5	67	1000444
ulenti	1	1	1000752
ulf	1	1	1000764
ultim	11	12	1000776
ultra	1	1	1000912
ultrason	2	3	1000924
ultrasonograph	2	2	1000952
ultrasonographi	7	13	1000976
ultrasound	17	37	1001084
ultrastructur	1	1	1001368
ultraviolet	1	1	1001380
um	1	1	1001392
umb	1	2	1001404
umbil	2	10	1001420
umbilicu	1	1	1001476
unab	1	1	1001488
unabl	11	19	1001500
unaccept	4	4	1001664
unaccompani	1	7	1001712
unaccount	1	1	1001748
unaccustom	1	1	1001760
unadjust	3	10	1001772
unaffect	2	4	1001836
unalign	1	24	1001868
unalt	1	1	1001972
unambigu	1	1	1001984
unansw	1	1	1001996
unarous	1	1	1002008
unattach	1	2	1002020
unawar	5	23	1002036
unbeliev	1	1	1002168
unbias	1	2	1002180
unc	1	1	1002196
uncar	1	2	1002208
uncertain	5	20	1002224
uncertainti	6	11	1002344
unchang	3	4	1002436
uncin	1	1	1002476
unclassifi	1	1	1002488
unclear	17	43	1002500
uncomfort	1	1	1002808
uncommit	1	1	1002820
uncommon	4	4	1002832
uncommonli	1	1	1002880
uncompl	2	2	1002892
unconsci	5	10	1002916
uncontrol	6	11	1002996
uncov	4	23	1003088
und	1	1	1003212
underdiagnos	1	1	1003224
underemploi	1	1	1003236
underemploy	1	5	1003248
underestim	5	6	1003276
undergo	19	35	1003340
undergon	6	12	1003632
undergradu	1	5	1003728
underli	24	58	1003756
underlin	2	3	1004180
undermin	1	1	1004208
underneath	2	2	1004220
undernutrit	1	3	1004244
underpin	2	2	1004264
underprivileg	1	2	1004288
underreport	1	1	1004304
underrepres	1	1	1004316
underscor	3	5	1004328
underserv	1	11	1004372
understag	1	1	1004424
understand	14	91	1004436
understood	9	18	1004912
understudi	2	2	1005056
undertaken	3	4	1005080
undertook	1	1	1005120
underutil	1	1	1005132
underw	19	42	1005144
underwai	2	2	1005464
undetect	2	2	1005488
undetermin	1	1	1005512
undi	1	1	1005524
undiagnos	5	29	1005536
undisturb	1	1	1005692
undo	1	1	1005704
undu	1	1	1005716
unearth	1	1	1005728
unemploi	1	3	1005740
unemploy	1	3	1005760
unend	1	1	1005780
unenhanc	2	2	1005792
unequ	2	5	1005816
unev	5	9	1005852
uneven	1	1	1005928
uneventfulli	1	1	1005940
unexpect	8	11	1005952
unexpectedli	1	1	1006060
unexpir	2	2	1006072
unexplain	4	9	1006096
unfamiliar	1	2	1006164
unfavor	3	4	1006180
unfit	1	3	1006220
unfortun	2	2	1006240
unfraction	1	1	1006264
unfrag	1	1	1006276
unheal	1	2	1006288
unhealthi	1	3	1006304
uni	1	1	1006324
unicellular	1	1	1006336
unidimension	1	3	1006348
uniform	6	8	1006368
uniformli	1	1	1006448
unilater	2	5	1006460
unilobar	1	2	1006496
uninsur	1	1	1006512
unintend	1	1	1006524
unintent	1	1	1006536
uninterpret	2	2	1006548
uniqu	10	36	1006572
unit	28	97	1006796
univari	2	3	1007408
univers	23	175	1007436
universidad	1	2	1008320
unknown	16	23	1008336
unlik	7	13	1008556
unlist	1	3	1008664
unmanipul	1	1	1008684
unmask	1	1	1008696
unnecessari	7	10	1008708
uno	1	1	1008804
unpair	2	2	1008816
unplan	2	8	1008840
unpleas	1	2	1008888
unpredict	4	5	1008904
unprotect	1	1	1008956
unpublish	1	1	1008968
unravel	1	1	1008980
unreact	1	1	1008992
unreal	2	7	1009004
unrecogn	4	4	1009048
unrel	3	11	1009096
unremark	2	2	1009164
unresect	3	4	1009188
unresolv	1	1	1009228
unrespons	3	3	1009240
unrestrict	3	3	1009276
unroot	1	1	1009312
unsaf	1	2	1009324
unsatur	2	2	1009340
unscreen	2	4	1009364
unselect	1	1	1009396
unspecif	3	4	1009408
unspecifi	1	1	1009448
unstabl	7	21	1009460
unstimul	1	1	1009600
unstructur	1	1	1009612
unsuccessfulli	1	1	1009624
unsuit	2	3	1009636
unsur	1	1	1009664
untap	1	1	1009676
untest	1	1	1009688
untransl	2	2	1009700
untreat	7	12	1009724
unusu	4	11	1009828
unvaccin	1	3	1009904
unwant	1	1	1009924
unwel	1	1	1009936
unαισθήσεις	1	1	1009948
up	1	1	1009960
updat	5	23	1009972
upgma	1	1	1010104
upgrad	1	1	1010116
uphold	1	1	1010128
upper	16	28	1010140
uppsala	2	2	1010380
upregul	3	5	1010404
upright	1	1	1010448
upset	1	1	1010460
upstat	1	2	1010472
upstream	1	1	1010488
uptak	4	7	1010500
upto	1	1	1010560
ur	1	1	1010572
urban	5	294	1010584
urea	2	4	1011800
urethan	1	1	1011832
urg	2	2	1011844
urgenc	1	1	1011868
urgent	5	9	1011880
urin	9	41	1011956
urinalysi	1	1	1012192
urinari	9	37	1012204
urogenit	1	1	1012424
urquia	1	1	1012436
ursula	1	1	1012448
us	7	9	1012460
usa	14	27	1012552
usabl	1	3	1012772
usag	5	13	1012792
usda	2	2	1012884
usefulli	2	2	1012908
user	4	52	1012932
uss	1	2	1013172
usual	6	14	1013188
utah	1	1	1013292
uterin	2	5	1013304
uteroplacent	2	2	1013340
uteru	1	5	1013364
uti	1	1	1013392
util	12	58	1013404
utilis	2	2	1013732
utp	1	1	1013756
utr	1	3	1013768
uu	1	5	1013788
uuu	1	1	1013816
uv	2	51	1013828
v1	1	1	1014048
v2	2	8	1014060
v3	2	8	1014108
v5	1	5	1014156
v6	1	5	1014184
vacant	1	2	1014212
vacat	1	1	1014228
vaccin	4	42	1014240
vacuum	2	2	1014440
vadt	2	14	1014464
vagin	3	3	1014536
vagu	3	5	1014572
vahid	1	1	1014616
val368ilefsx9	1	1	1014628
valaiti	1	1	1014640
valeri	1	1	1014652
valerio	1	1	1014664
valid	15	68	1014676
valium	1	1	1015068
vallei	2	2	1015080
valu	22	129	1015104
valuabl	10	17	1015796
valv	4	12	1015944
valvular	2	2	1016024
van	6	11	1016048
vancomycin	1	1	1016140
vancouv	1	4	1016152
vandal	1	2	1016176
vanguri	1	1	1016192
varghes	1	1	1016204
vari	18	49	1016216
variabl	22	143	1016556
varianc	4	8	1017304
variant	4	7	1017368
variat	17	34	1017428
varieti	15	41	1017700
vasa	1	4	1017984
vascul	3	3	1018008
vascular	12	125	1018044
vasculatur	1	1	1018640
vasculopathi	1	1	1018652
vasoact	2	6	1018664
vasoconstrict	1	1	1018704
vasodil	5	11	1018716
vasomotor	1	1	1018800
vasopressor	3	3	1018812
vasospasm	1	1	1018848
vast	2	2	1018860
vatroslav	1	1	1018884
vc	1	2	1018896
vcam	1	1	1018912
vcop	1	1	1018924
vct	1	1	1018936
ve	2	7	1018948
vectensi	1	39	1018992
vector	3	7	1019156
vegan	2	2	1019208
veget	6	34	1019232
vegetarian	2	2	1019416
vegf	3	8	1019440
vehement	1	1	1019496
vehicl	4	11	1019508
vein	5	61	1019584
veloc	4	7	1019868
vena	2	2	1019928
vencevi	1	2	1019952
vend	1	1	1019968
vendi	1	2	1019980
vendor	1	1	1019996
venipunctur	1	1	1020008
venogram	1	4	1020020
venograph	1	2	1020044
venographi	2	39	1020060
venou	9	32	1020232
ventil	9	40	1020432
ventilatori	1	1	1020664
ventral	1	1	1020676
ventricl	8	23	1020688
ventricular	13	32	1020844
ventriculo	1	1	1021076
ventriculogram	1	1	1021088
ventriculographi	1	2	1021100
ventriculoperiton	1	1	1021116
ventriculostomi	1	1	1021128
venu	2	4	1021140
vep	1	1	1021172
vera	2	2	1021184
verapamil	2	2	1021208
verbal	2	6	1021232
verbatim	2	4	1021272
verg	2	6	1021304
verif	2	2	1021344
verifi	6	6	1021368
verlag	3	3	1021440
veron	1	1	1021476
vers	1	1	1021488
versa	5	5	1021500
versatil	1	1	1021560
version	15	16	1021572
verstappen	1	1	1021756
versu	18	56	1021768
vertebr	4	24	1022136
vertebra	2	2	1022264
vesela	1	1	1022288
vessel	10	55	1022300
vest	1	1	1022600
vestibul	1	1	1022612
veteran	4	6	1022624
vf	1	3	1022680
vhf	1	1	1022700
vi	4	11	1022712
viabil	5	33	1022788
viabl	6	16	1022960
vial	2	2	1023072
viamont	1	1	1023096
vibrat	2	16	1023108
vice	5	5	1023188
vicin	2	2	1023248
viciou	2	2	1023272
victim	2	16	1023296
victor2	1	1	1023376
victoria	1	1	1023388
vida	2	5	1023400
video	2	8	1023436
view	15	39	1023484
viewpoint	1	1	1023760
vigil	4	8	1023772
vigor	2	8	1023836
vii	3	4	1023884
viii	3	7	1023924
vijai	1	1	1023976
vila	1	1	1023988
vill	1	1	1024000
villag	1	3	1024012
villi	1	1	1024032
villou	2	5	1024044
vilma	1	1	1024080
vinayagam	1	1	1024092
viola	1	1	1024104
violat	3	4	1024116
violenc	2	69	1024156
violent	1	13	1024448
viral	4	8	1024508
virtu	1	1	1024572
virtual	5	12	1024584
viru	3	6	1024672
virul	2	11	1024720
viscer	2	2	1024780
vischi	1	1	1024804
viscou	2	4	1024816
vish	1	1	1024848
visibl	3	4	1024860
vision	8	19	1024900
visit	13	93	1025040
visitor	1	1	1025516
visual	17	63	1025528
visualis	3	9	1025916
viswanath	1	2	1025976
vital	12	28	1025992
vitamin	4	18	1026200
vitreou	3	5	1026304
vitro	9	45	1026348
vivek	1	1	1026600
vivid	1	1	1026612
vividli	1	1	1026624
vivien	1	1	1026636
vivo	6	25	1026648
viwandani	1	2	1026796
vk	1	1	1026812
vl	1	1	1026824
vlahov	1	6	1026836
vocal	1	4	1026868
vogelstein	1	5	1026892
voic	4	14	1026920
voicemail	1	1	1027008
voicestm	1	5	1027020
volatil	1	1	1027048
volit	1	1	1027060
voltag	1	1	1027072
volum	13	28	1027084
volumetr	1	1	1027300
volunt	2	7	1027312
voluntari	1	1	1027356
voluntarili	1	1	1027368
volvolu	1	1	1027380
volvulu	1	1	1027392
vomer	1	1	1027404
vomit	7	9	1027416
von	1	5	1027508
vrkljan	1	1	1027536
vsca	1	2	1027548
vst	1	1	1027564
vt	1	3	1027576
vte	1	75	1027596
vught	1	1	1027904
vulner	6	29	1027916
vz	1	1	1028080
wa	1	1	1028092
waagstein	1	1	1028104
wahsheh	1	1	1028116
wai	5	10	1028128
wain	1	1	1028208
waist	3	3	1028220
wait	4	10	1028256
wake	2	13	1028328
wakefield	1	3	1028396
waleska	1	4	1028416
walk	7	30	1028440
walker	1	2	1028616
wall	18	63	1028632
wallac	2	2	1029028
walli	3	5	1029052
wallington	1	1	1029096
wamiatha	1	1	1029108
wang	4	5	1029120
want	1	9	1029172
wantanab	1	1	1029216
wanted	1	1	1029228
war	3	6	1029240
ward	9	28	1029288
warfarin	1	1	1029472
warm	3	4	1029484
warmth	2	2	1029524
warn	3	3	1029548
warrant	7	10	1029584
warren	1	1	1029680
warrington	1	1	1029692
wash	3	5	1029704
washington	1	29	1029748
wasserman	1	1	1029872
wast	3	4	1029884
watanab	1	1	1029924
water	12	28	1029936
watt	1	1	1030144
wave	7	45	1030156
waveform	1	4	1030392
wavelength	1	1	1030416
wayn	1	2	1030428
wbc	1	6	1030444
weak	11	25	1030476
weaken	3	4	1030664
weaker	2	2	1030704
wealth	1	8	1030728
wealthiest	1	1	1030768
wean	1	1	1030780
weapon	2	13	1030792
wear	4	6	1030860
weather	1	1	1030916
weaver	2	3	1030928
web	2	14	1030956
webb	1	2	1031028
webbas	1	1	1031044
websit	1	10	1031056
wedg	1	1	1031104
weegink	1	1	1031116
week	31	164	1031128
weekli	4	4	1032032
wei	1	1	1032080
weigh	3	5	1032092
weight	17	181	1032136
weird	1	1	1032996
weisman	1	1	1033008
weiss	2	4	1033020
weissmann	1	1	1033052
weland	1	1	1033064
welfar	1	5	1033076
well	1	7	1033104
wellb	2	10	1033140
welleslei	1	4	1033196
wendi	1	2	1033220
wenger	1	2	1033236
werdnig	1	1	1033252
were10	1	1	1033264
weren	1	1	1033276
weschta	1	2	1033288
wessem	1	1	1033304
wessler	1	1	1033316
west	2	2	1033328
westat	1	1	1033352
westergren	1	2	1033364
western	4	10	1033380
weyman	1	1	1033452
wg	1	2	1033464
wheel	5	6	1033480
wheelchair	2	18	1033544
whichev	2	2	1033632
whiplash	1	1	1033656
whisker	1	2	1033668
white	12	32	1033684
whitlock	1	1	1033908
whitnei	4	4	1033920
whole	1	3	1033968
wi	3	4	1033988
wic	1	3	1034028
wide	30	63	1034048
wider	4	8	1034540
widespread	10	15	1034604
width	3	3	1034744
wijnen	1	2	1034780
wikblad	1	1	1034796
wiki	1	2	1034808
wikland	1	2	1034824
wikstrand	1	1	1034840
wilbur	1	1	1034852
wilcoxon	1	1	1034864
wild	1	1	1034876
wilei	1	1	1034888
wilk	1	1	1034900
will	1	1	1034912
willi	1	1	1034924
william	1	8	1034936
willing	1	2	1034976
willinksi	1	1	1034992
wilson	3	3	1035004
wiman	1	1	1035040
win	1	6	1035052
wind	1	1	1035084
window	6	15	1035096
wingless	1	1	1035204
winstanlei	1	1	1035216
wintersperg	1	1	1035228
wire	3	5	1035240
wireless	1	1	1035284
wisconsin	1	2	1035296
wisdom	1	1	1035312
wise	1	1	1035324
wisenberg	1	1	1035336
wish	1	1	1035348
wit	4	18	1035360
withdraw	6	9	1035464
withheld	1	1	1035548
withhold	3	3	1035560
witterick	1	2	1035596
wje	1	1	1035612
wmd	1	2	1035624
wmgc	1	1	1035640
wnt	3	7	1035652
wo	1	2	1035704
woke	1	3	1035720
wolff	1	1	1035740
woman	16	35	1035752
wombl	1	2	1036020
women	16	343	1036036
won	1	1	1037536
wonder	1	1	1037548
wong	1	3	1037560
wood	3	5	1037580
wook	1	1	1037624
worcest	1	1	1037636
word	7	10	1037648
work	23	137	1037744
worker	6	45	1038476
workflow	2	2	1038704
workforc	1	1	1038728
workgroup	1	7	1038740
workload	1	3	1038776
workplac	1	12	1038796
workshop	4	15	1038852
worksit	1	1	1038944
workstat	2	2	1038956
workup	1	1	1038980
world	13	54	1038992
worldwid	4	11	1039312
worm	1	1	1039388
worp	1	1	1039400
worri	4	6	1039412
worrisom	3	3	1039468
wors	10	19	1039504
worsen	8	15	1039660
worst	2	2	1039784
worth	2	2	1039808
worthi	3	4	1039832
worthless	1	3	1039872
worthwhil	1	1	1039892
wouldn	1	1	1039904
wound	7	10	1039916
wpw	1	1	1040012
wrangl	1	1	1040024
wrap	1	1	1040036
wreck	1	1	1040048
wrench	1	1	1040060
wright	1	1	1040072
wrist	2	5	1040084
write	5	10	1040120
written	17	25	1040200
wrong	2	2	1040436
wrote	7	9	1040460
wt	2	4	1040552
wtc	1	1	1040584
wtchr	1	2	1040596
wu	1	1	1040612
www2	1	1	1040624
wxx	1	1	1040636
wzykpk1	1	1	1040648
x100	1	1	1040660
x1000	1	1	1040672
x2	1	3	1040684
xanthochrom	1	1	1040704
xenon	1	4	1040716
xenopu	1	2	1040740
xenpou	1	1	1040756
xi	1	3	1040768
xl	1	13	1040788
xp21	1	1	1040848
xthuset	1	1	1040860
xu	1	1	1040872
yahoo	1	1	1040884
yakota	1	1	1040896
yale	2	6	1040908
yamagata	1	2	1040948
yamashita	1	4	1040964
yancei	1	1	1040988
yang	1	1	1041000
yaniqu	1	1	1041012
yao	1	1	1041024
yasamin	1	1	1041036
year	49	667	1041048
yearli	4	8	1044108
yeast	1	1	1044172
yeh	1	1	1044184
yellow	1	2	1044196
yellowish	1	2	1044212
yeon	1	1	1044228
yeop	1	1	1044240
yh	1	1	1044252
yield	10	27	1044264
yigitba	1	1	1044452
yin	1	1	1044464
yo	1	1	1044476
yogurt	1	3	1044488
yolk	1	1	1044508
yona	1	3	1044520
yong	1	1	1044540
yoo	1	1	1044552
yoon	1	1	1044564
york	3	30	1044576
yoruba	1	2	1044720
youdelman	1	1	1044736
youn	1	1	1044748
young	13	50	1044760
younger	10	29	1045064
younkin	1	2	1045260
youth	4	94	1045276
yr	4	33	1045684
yu	3	3	1045848
yun	1	1	1045884
yusoff	1	1	1045896
yvonn	1	1	1045908
zac	1	1	1045920
zafar	1	1	1045932
zagreb	1	1	1045944
zaidi	1	1	1045956
zarcadoola	1	3	1045968
zarich	1	1	1045988
zealand	1	1	1046000
zeinab	1	1	1046012
zeiss	2	2	1046024
zellballen	1	2	1046048
zenk	1	3	1046064
zhang	2	2	1046084
zidkova	1	1	1046108
ziehl	1	1	1046120
zimmermann	1	1	1046132
zinc	1	1	1046144
zip	1	1	1046156
ziprasidon	1	3	1046168
ziraba	1	2	1046188
zonal	1	1	1046204
zone	4	12	1046216
zoom	1	1	1046296
zuberi	1	2	1046308
zygoma	1	2	1046324
αισσ	1	55	1046340
